user_id,name,age,geo_hash,interests,created_at
user_000000,张成,48,wtwd5jux,编织|京剧|家常菜|合唱|棋牌,2023-09-05 14:13:07
user_000001,李静,62,wtw657pc,智能手机|书法班|短视频|按摩|带孙辈,2025-05-29 21:36:29
user_000002,田桂兰,84,wtw938zn,摄影|太极|八段锦,2025-05-21 03:11:44
user_000003,武静,81,wtw9153j,烘焙|英语|智能手机|京剧,2024-02-08 13:49:55
user_000004,李丽娟,49,wtw2z9dq,摄影班|钓鱼|民乐|八段锦|家常菜|茶道,2024-08-10 05:57:27
user_000005,梁飞,57,wtw3m8zk,摄影班|理财|按摩|宠物|维修,2025-04-06 07:34:49
user_000006,彭杨,59,wtw6154v,英语|宠物|插花|太极,2023-12-15 12:55:40
user_000007,安丽丽,85,wtw2652h,短视频|太极|烘焙,2025-04-11 09:49:14
user_000008,陈红,85,wtw6e7tm,英语|历史|短视频|广场舞|智能手机|烘焙,2023-12-06 08:42:54
user_000009,赵淑兰,48,wtw294s1,围棋|京剧|理财|茶道|健走|编织,2025-07-13 23:51:53
user_000010,王博,78,wtw3upuf,旅游|烘焙|广场舞|八段锦|阅读|茶道,2024-06-16 02:41:58
user_000011,周玉,75,wtw3ctqc,合唱|宠物|维修|棋牌|英语,2025-08-02 10:24:39
user_000012,张小红,66,wtw991gn,旅游|围棋|剪纸|烘焙|摄影班,2023-12-14 00:00:40
user_000013,苏玉珍,78,wtw0wzq8,书法|带孙辈|园艺,2024-12-08 01:03:36
user_000014,俞海燕,85,wtw3k464,历史|健走|围棋,2024-06-10 18:14:42
user_000015,赖辉,73,wtw64016,插花|按摩|京剧|摄影|宠物|烘焙,2025-02-23 05:50:50
user_000016,李慧,79,wtw65mww,短视频|维修|登山|京剧|围棋|英语,2024-03-09 18:20:19
user_000017,位琳,76,wtw6q18j,烘焙|摄影班|棋牌|绘画,2024-05-20 09:44:31
user_000018,陈亮,57,wtwd2tyf,茶道|带孙辈|按摩|书法,2023-10-12 00:06:43
user_000019,李伟,80,wtw620m6,维修|剪纸|智能手机|太极|宠物|烘焙,2025-02-27 21:03:19
user_000020,邵建平,73,wtw903mg,理财|剪纸|登山,2024-10-26 22:47:18
user_000021,姜秀芳,73,wtw3g9kj,京剧|书法班|绘画,2023-10-24 10:53:45
user_000022,黄秀英,58,wtw6jh23,广场舞|绘画|历史,2023-10-08 00:47:15
user_000023,高丹,71,wtw6xdv6,智能手机|太极|摄影班,2025-02-28 11:51:58
user_000024,梁秀云,79,wtw3f05d,棋牌|围棋|宠物|中医养生|广场舞,2025-03-08 20:25:37
user_000025,楼鹏,71,wtw2f06b,钓鱼|书法班|摄影班|阅读,2024-09-28 00:31:04
user_000026,侯萍,85,wtw3gnr3,按摩|京剧|摄影|钓鱼|宠物,2024-12-06 19:10:00
user_000027,傅岩,85,wtw0y8hy,园艺|围棋|茶道|书法,2024-11-09 17:06:16
user_000028,董梅,78,wtw36sfm,登山|书法班|摄影班|民乐|棋牌|烘焙,2024-09-22 15:13:19
user_000029,陈雪梅,68,wtw8fn0e,园艺|剪纸|宠物,2024-02-21 06:38:52
user_000030,林洁,62,wtw9che2,棋牌|插花|剪纸,2023-11-24 21:44:40
user_000031,黎平,49,wtw60xwv,旅游|宠物|登山|八段锦|园艺,2024-03-04 11:29:28
user_000032,王玉梅,47,wtw65yw8,茶道|短视频|棋牌|书法班|阅读|剪纸,2025-02-02 20:18:17
user_000033,邓军,56,wtw8dsr8,旅游|钓鱼|按摩|短视频|绘画|摄影班,2024-05-01 05:21:44
user_000034,金桂花,45,wtw9bwsf,理财|按摩|登山|编织,2025-04-29 10:39:53
user_000035,王欢,52,wtw2ehtp,太极|围棋|短视频|带孙辈|茶道,2024-03-31 13:47:37
user_000036,陈芳,67,wtw27rjt,棋牌|民乐|京剧|智能手机|烘焙,2024-03-29 20:04:05
user_000037,杨冬梅,74,wtw2fcdd,编织|八段锦|烘焙|棋牌|民乐,2024-04-22 16:21:12
user_000038,郭玉英,60,wtw6h65h,茶道|园艺|历史,2025-03-29 02:28:48
user_000039,李小红,80,wtw9gnj9,京剧|英语|登山|棋牌|家常菜|围棋,2025-05-06 05:26:41
user_000040,刘桂花,52,wtw3j2bz,京剧|阅读|钓鱼|太极|编织,2023-09-05 02:59:01
user_000041,刘丹丹,83,wtwd21fs,烘焙|园艺|书法班|阅读|带孙辈|书法,2025-05-03 04:49:59
user_000042,张志强,59,wtw4pt4k,智能手机|家常菜|剪纸|摄影班|按摩|理财,2025-08-22 22:57:13
user_000043,李兰英,74,wtw32juy,插花|编织|历史,2023-09-02 09:45:23
user_000044,张倩,65,wtw65wkf,按摩|英语|园艺|剪纸|历史|太极,2023-08-30 11:11:46
user_000045,梁婷,82,wtw0yrtx,合唱|茶道|八段锦|剪纸,2024-10-11 16:47:46
user_000046,张磊,81,wtw1rwv2,摄影|带孙辈|围棋|广场舞,2024-08-19 07:19:42
user_000047,王梅,52,wtw1pfs3,插花|京剧|八段锦,2024-10-18 21:06:33
user_000048,张秀珍,62,wtw67t2w,八段锦|摄影班|广场舞|旅游|英语,2025-08-19 23:49:02
user_000049,梁英,56,wtw6h4yh,茶道|书法|阅读|中医养生|烘焙,2023-12-28 09:11:12
user_000050,魏涛,81,wtw2cmgu,理财|带孙辈|围棋|合唱|历史,2024-11-26 09:01:21
user_000051,王浩,60,wtw31mj4,编织|棋牌|钓鱼|合唱,2025-07-05 09:26:29
user_000052,叶荣,69,wtw2mn36,家常菜|广场舞|旅游|书法班|茶道|园艺,2024-10-04 19:19:08
user_000053,刘倩,81,wtw65pdy,维修|京剧|绘画,2025-07-22 07:01:26
user_000054,贾琳,60,wtw3hcj6,钓鱼|京剧|书法|八段锦|健走|编织,2025-03-20 02:18:08
user_000055,郭桂兰,62,wtw4p9e9,健走|剪纸|英语|阅读|家常菜|理财,2024-02-10 06:16:03
user_000056,李建,62,wtw961t6,八段锦|维修|书法班|钓鱼|京剧|理财,2024-08-30 06:08:29
user_000057,吴梅,45,wtw1npz6,广场舞|京剧|摄影|插花|围棋|书法班,2025-07-13 23:13:41
user_000058,萧瑞,63,wtw990jw,智能手机|家常菜|八段锦|民乐|摄影班,2023-09-13 06:07:01
user_000059,周玉华,85,wtw36z80,太极|广场舞|摄影班|京剧,2024-02-07 17:04:54
user_000060,黄博,74,wtw3b65j,理财|摄影|历史|维修|烘焙,2025-06-12 16:02:59
user_000061,王淑英,83,wtw2dsnj,中医养生|登山|摄影|编织|智能手机|围棋,2025-01-21 17:52:22
user_000062,陈琴,62,wtw2vzjj,登山|八段锦|旅游|绘画|钓鱼|民乐,2025-04-11 07:40:40
user_000063,黄淑珍,62,wtw98744,宠物|智能手机|烘焙|短视频|理财,2024-04-18 20:20:01
user_000064,田建,62,wtwd90g2,带孙辈|中医养生|维修|智能手机,2024-01-29 12:31:45
user_000065,姚超,57,wtw3n705,太极|家常菜|摄影|绘画|广场舞|剪纸,2025-04-17 01:11:39
user_000066,薛欣,73,wtwd3xq3,家常菜|广场舞|合唱|阅读|带孙辈,2024-06-23 14:35:57
user_000067,黄桂芝,60,wtw3n30x,阅读|民乐|绘画,2024-08-20 18:36:10
user_000068,董燕,71,wtw2kztx,维修|带孙辈|园艺|剪纸|理财,2025-01-14 08:16:17
user_000069,崔燕,45,wtw2qqyp,编织|维修|钓鱼|围棋|书法|书法班,2023-12-14 13:41:20
user_000070,张婷婷,46,wtw8g22w,旅游|茶道|剪纸|绘画|智能手机,2025-08-10 17:26:41
user_000071,田瑞,61,wtw4rr2w,智能手机|维修|书法班|烘焙|摄影班,2025-01-28 22:27:00
user_000072,杜桂英,56,wtw61h6m,绘画|太极|民乐|茶道|摄影班,2024-02-15 01:07:39
user_000073,葛杰,46,wtw4xdxw,合唱|书法班|按摩|京剧|摄影,2023-09-12 19:21:50
user_000074,张桂芝,70,wtw2g3j6,绘画|智能手机|围棋|书法班,2024-09-18 01:51:07
user_000075,李阳,80,wtw9e70j,京剧|园艺|太极,2024-09-27 20:48:18
user_000076,王磊,52,wtw984wu,棋牌|登山|短视频|按摩|民乐,2023-09-29 16:38:24
user_000077,张红梅,58,wtw9frv8,摄影班|京剧|茶道,2024-02-05 11:20:52
user_000078,刘丽丽,63,wtw62frs,英语|广场舞|书法班|理财|带孙辈|合唱,2025-05-19 00:19:37
user_000079,林建国,70,wtw33q9g,围棋|登山|历史,2025-08-15 12:58:38
user_000080,刘莉,79,wtw919cw,剪纸|中医养生|理财|英语|烘焙,2023-11-01 02:56:52
user_000081,苏娟,56,wtw88qyr,茶道|英语|民乐|登山|京剧|编织,2024-10-27 21:59:04
user_000082,乔超,73,wtw3uzsc,家常菜|剪纸|登山,2024-10-16 02:28:28
user_000083,巴颖,70,wtw1xw04,围棋|茶道|短视频|合唱,2024-05-17 10:48:35
user_000084,张丹,79,wtw0rvd1,摄影班|书法|烘焙,2024-04-26 19:35:59
user_000085,郭想,74,wtw9gx1e,广场舞|茶道|八段锦|摄影|围棋|烘焙,2024-07-07 03:22:27
user_000086,廖红,65,wtw2c5q0,京剧|太极|维修|插花|按摩,2024-09-29 13:10:58
user_000087,李柳,51,wtw2tpgd,合唱|围棋|广场舞|编织|茶道,2024-08-11 17:49:48
user_000088,马东,71,wtw0rumr,中医养生|书法|钓鱼|插花|宠物,2024-09-29 18:05:13
user_000089,成丹丹,50,wtw6hfu0,棋牌|京剧|智能手机|围棋|阅读,2023-10-02 22:56:03
user_000090,郑岩,53,wtw3bzcm,家常菜|书法班|摄影,2025-06-11 01:33:32
user_000091,亢阳,78,wtw2xvw2,广场舞|围棋|摄影|中医养生,2025-02-11 03:16:47
user_000092,苏欣,70,wtw2vegq,中医养生|烘焙|摄影班|宠物|登山|京剧,2025-02-18 19:46:24
user_000093,邓婷婷,53,wtw0yk4f,烘焙|广场舞|旅游|健走|棋牌,2024-11-15 15:20:33
user_000094,张红霞,73,wtw63mbf,京剧|棋牌|绘画|摄影|短视频|阅读,2024-05-08 13:05:10
user_000095,季桂英,60,wtw2sr9e,短视频|广场舞|剪纸|合唱|京剧,2025-08-03 10:26:35
user_000096,李林,74,wtw8d66v,棋牌|合唱|中医养生,2024-03-29 11:22:28
user_000097,刘芳,55,wtw61f79,维修|剪纸|民乐|理财,2023-10-25 12:02:50
user_000098,王红梅,55,wtw2kyjw,茶道|摄影班|剪纸,2024-03-20 14:09:28
user_000099,罗强,46,wtw0zggb,短视频|旅游|棋牌|插花,2025-06-30 18:10:52
user_000100,焦海燕,65,wtw22rhq,短视频|历史|棋牌|按摩|宠物|摄影班,2024-12-10 01:22:57
user_000101,刘秀兰,76,wtw6w25p,智能手机|太极|按摩|合唱|英语,2025-04-10 15:46:56
user_000102,刘雪梅,64,wtw0rjem,八段锦|登山|摄影班|旅游,2023-09-20 18:15:04
user_000103,陈燕,84,wtw3dkfu,摄影|书法班|烘焙,2024-01-12 18:47:53
user_000104,夏桂香,78,wtwd3063,广场舞|茶道|带孙辈|登山|阅读|中医养生,2024-11-09 09:25:23
user_000105,孙婷,83,wtw3qsbp,棋牌|烘焙|宠物|合唱|中医养生|家常菜,2025-06-01 04:36:59
user_000106,陈建国,73,wtw33dtp,茶道|中医养生|插花|智能手机|剪纸|围棋,2024-05-17 08:23:03
user_000107,温玉珍,64,wtw2fb04,英语|插花|理财|健走|旅游|民乐,2023-12-23 16:47:17
user_000108,梁琴,57,wtw2scp6,书法|八段锦|中医养生|民乐|京剧|宠物,2024-08-17 20:52:08
user_000109,李静,61,wtw1qwfp,烘焙|剪纸|带孙辈|园艺|围棋,2025-03-14 14:56:55
user_000110,胡伟,67,wtw3u0bb,书法|茶道|智能手机|中医养生,2023-10-06 20:26:28
user_000111,郝艳,47,wtw3enw8,烘焙|合唱|茶道,2024-10-30 14:48:33
user_000112,陈婷,72,wtw98jp9,书法|带孙辈|棋牌,2024-11-07 11:00:09
user_000113,胡想,79,wtw6kfsv,英语|棋牌|合唱|健走|茶道|太极,2024-09-21 10:18:06
user_000114,傅颖,62,wtw2td5b,理财|钓鱼|广场舞|摄影|宠物|民乐,2024-04-28 05:19:08
user_000115,利浩,66,wtw6t2d3,登山|书法|摄影班|围棋|编织,2025-05-18 04:53:39
user_000116,张丽丽,76,wtw69khu,太极|八段锦|合唱,2024-03-18 00:44:50
user_000117,刘淑珍,71,wtw2schc,旅游|理财|京剧,2024-03-09 16:20:22
user_000118,高亮,70,wtw1zx5x,旅游|八段锦|阅读|维修|围棋|书法班,2023-12-24 11:51:32
user_000119,李建国,52,wtw2b85t,剪纸|家常菜|园艺,2025-03-25 23:39:03
user_000120,晁欢,61,wtwd6rwv,旅游|宠物|书法|钓鱼|合唱|家常菜,2025-06-14 10:40:03
user_000121,钟桂芝,59,wtw28tbz,合唱|京剧|插花|太极,2024-03-26 14:56:54
user_000122,徐秀云,46,wtw3ww41,八段锦|茶道|短视频|园艺|烘焙,2024-06-26 20:00:22
user_000123,吴雷,73,wtw23ey1,围棋|民乐|太极|钓鱼,2025-04-28 17:48:07
user_000124,揭琴,80,wtw3k3n6,摄影|书法班|合唱,2024-04-01 09:33:24
user_000125,李桂荣,57,wtw2z1z7,短视频|阅读|合唱|广场舞,2025-05-11 02:01:10
user_000126,王军,52,wtw31u2m,登山|旅游|书法|烘焙,2024-05-04 11:25:48
user_000127,徐明,77,wtw6j16y,家常菜|民乐|短视频,2024-08-21 14:43:56
user_000128,成楠,64,wtw3nhye,京剧|书法班|广场舞|园艺|历史,2023-12-30 23:13:36
user_000129,蒋桂珍,66,wtw26szs,剪纸|烘焙|短视频,2025-03-03 23:00:10
user_000130,刘芳,55,wtw3qknn,维修|摄影班|烘焙,2025-05-20 18:37:36
user_000131,邓颖,45,wtw36tft,历史|八段锦|绘画|烘焙,2025-08-16 02:13:33
user_000132,刘秀华,57,wtw2cpsy,合唱|维修|八段锦|插花,2025-05-28 15:16:03
user_000133,傅秀华,47,wtw3hffw,太极|阅读|按摩,2024-11-14 05:09:46
user_000134,徐红霞,79,wtw2gsnb,中医养生|登山|八段锦,2024-05-29 07:28:47
user_000135,吴岩,78,wtw6hyy9,绘画|书法|钓鱼|带孙辈,2024-05-24 22:02:34
user_000136,张雪梅,75,wtw372zh,编织|历史|宠物,2025-05-20 15:32:14
user_000137,韦成,81,wtw30zuc,钓鱼|英语|阅读|太极|理财|绘画,2024-07-06 10:10:10
user_000138,曾敏,67,wtw64pd4,烘焙|钓鱼|插花|茶道|旅游,2024-06-29 11:17:38
user_000139,刘文,64,wtw91hcb,摄影班|八段锦|维修|绘画|插花,2024-06-13 17:25:33
user_000140,谷凯,82,wtw1w0hf,按摩|围棋|钓鱼|京剧|书法,2025-02-24 22:38:56
user_000141,廖凤英,55,wtw4rv6x,合唱|京剧|智能手机|插花|家常菜|短视频,2024-05-30 13:50:18
user_000142,丁建国,56,wtw6q2wg,维修|带孙辈|宠物|民乐|短视频|绘画,2024-10-13 12:37:18
user_000143,陆亮,80,wtw2kqj7,家常菜|烘焙|编织|书法班|书法|阅读,2024-04-09 09:34:15
user_000144,王晨,84,wtw2w2n9,太极|烘焙|钓鱼|登山|民乐,2024-09-15 06:03:23
user_000145,宁丽丽,49,wtw9cy7z,阅读|摄影班|围棋,2023-12-11 00:24:38
user_000146,周雷,60,wtw0ypzf,摄影|剪纸|短视频|围棋|绘画|宠物,2024-01-10 09:15:02
user_000147,徐阳,51,wtw9cj8h,摄影|书法|理财,2023-10-19 08:58:02
user_000148,周红霞,80,wtw3y5bw,阅读|编织|家常菜|园艺|合唱|短视频,2024-03-10 05:43:44
user_000149,刘玉英,60,wtw3wken,家常菜|京剧|登山,2024-12-27 09:49:38
user_000150,许萍,66,wtw8b32d,理财|旅游|宠物,2024-10-01 21:45:13
user_000151,吴桂英,58,wtw96eqk,历史|八段锦|绘画|烘焙,2023-09-26 12:18:15
user_000152,郭建华,69,wtw36t3d,烘焙|编织|书法班|旅游|按摩,2024-11-10 22:40:17
user_000153,何楠,70,wtw60220,八段锦|维修|旅游|太极,2024-05-27 21:04:34
user_000154,陈娟,63,wtw4qzjc,京剧|棋牌|健走|太极,2024-01-30 01:54:35
user_000155,张淑兰,62,wtw882rd,摄影|八段锦|民乐|太极,2024-06-29 12:32:22
user_000156,刘淑英,75,wtw6nd0s,编织|旅游|带孙辈|智能手机,2024-09-08 08:19:53
user_000157,许荣,71,wtw6hmjg,宠物|智能手机|剪纸|编织|插花|理财,2025-04-30 01:16:19
user_000158,徐丽娟,76,wtw27edw,插花|维修|健走|棋牌|编织|摄影,2023-10-24 01:40:40
user_000159,崔瑜,79,wtw38nux,登山|理财|摄影|编织,2024-07-03 06:12:56
user_000160,班利,72,wtw3ecdr,智能手机|民乐|插花|健走|理财,2024-07-22 07:11:41
user_000161,易秀英,52,wtw3e5df,茶道|宠物|剪纸|理财|插花,2025-04-19 23:33:14
user_000162,张洋,48,wtw9bbp3,摄影|理财|绘画|广场舞,2024-10-20 18:54:09
user_000163,陈鑫,74,wtw91hgk,书法|绘画|维修|中医养生|民乐|棋牌,2023-12-22 22:30:08
user_000164,李丽丽,80,wtw65f5z,太极|烘焙|广场舞|登山,2024-09-28 08:12:36
user_000165,傅兰英,62,wtw3e1jq,围棋|带孙辈|智能手机|插花|民乐|摄影班,2023-10-12 22:29:18
user_000166,陈淑华,79,wtw0w1nf,绘画|八段锦|民乐|插花|烘焙|剪纸,2023-09-22 07:24:04
user_000167,张阳,45,wtw339vs,带孙辈|书法班|绘画|历史,2024-05-14 16:42:09
user_000168,麻婷,58,wtw3yvux,园艺|智能手机|短视频,2023-09-29 03:21:46
user_000169,陶金凤,46,wtw3qs8b,旅游|京剧|茶道|书法|广场舞|合唱,2024-10-17 19:27:05
user_000170,聂丽娟,56,wtw2vzd9,书法|理财|英语,2023-09-30 12:44:37
user_000171,张伟,66,wtw23h2v,宠物|摄影|烘焙,2024-08-04 15:42:16
user_000172,谭利,73,wtw3bgbg,书法|剪纸|旅游|园艺,2025-08-15 21:27:59
user_000173,文畅,85,wtw2xyp6,带孙辈|棋牌|摄影班|京剧|茶道|编织,2025-04-16 23:02:37
user_000174,林淑英,63,wtw93b53,编织|健走|书法|钓鱼|太极|摄影,2024-09-22 14:25:14
user_000175,邵桂英,74,wtw4w2gy,家常菜|摄影班|摄影|宠物|京剧|带孙辈,2024-08-18 18:39:51
user_000176,倪浩,48,wtw2mw3h,摄影班|短视频|民乐|书法|茶道|剪纸,2025-06-15 08:52:28
user_000177,陈超,54,wtw2sf9h,绘画|登山|八段锦|中医养生|编织,2024-06-19 21:57:55
user_000178,林秀英,76,wtw1ydyv,民乐|带孙辈|家常菜|历史,2025-01-18 23:22:19
user_000179,王兵,51,wtw3pmyk,智能手机|书法班|合唱|太极,2024-10-22 11:57:27
user_000180,王鹏,71,wtw2fxdg,茶道|宠物|按摩|理财|智能手机,2025-03-23 07:20:02
user_000181,冯彬,52,wtw8bs00,钓鱼|宠物|短视频|广场舞|按摩,2024-06-30 20:53:20
user_000182,范婷,49,wtwd2ug6,太极|英语|烘焙|书法|书法班|智能手机,2024-08-02 14:35:52
user_000183,尤海燕,51,wtw92dc2,按摩|民乐|登山|剪纸|棋牌,2025-02-26 21:31:20
user_000184,萧建,53,wtw3muky,维修|插花|八段锦|书法班,2025-03-02 06:21:55
user_000185,陈畅,82,wtw64zyx,烘焙|围棋|绘画|旅游|园艺|插花,2023-10-26 04:32:15
user_000186,文帅,85,wtw2kwcj,编织|绘画|烘焙,2024-05-06 12:24:15
user_000187,廖飞,65,wtw8c8cx,太极|宠物|英语|合唱|旅游|棋牌,2025-05-13 03:27:26
user_000188,武建平,70,wtwd1b4k,烘焙|旅游|编织|历史,2025-01-30 09:06:41
user_000189,熊娟,62,wtw2cbpk,短视频|广场舞|编织|健走,2024-09-01 04:05:09
user_000190,王杨,83,wtwd1j6b,维修|京剧|摄影班|历史|烘焙,2025-02-14 01:22:33
user_000191,杨明,83,wtw96f1v,英语|阅读|民乐|旅游,2024-10-20 23:02:53
user_000192,傅雪梅,45,wtw62d0w,太极|烘焙|旅游|绘画|编织|棋牌,2025-06-20 04:33:00
user_000193,郝凤兰,58,wtw2qgw6,摄影班|合唱|广场舞|民乐|棋牌|书法班,2024-05-05 07:21:40
user_000194,闵莉,65,wtw0qzbg,围棋|插花|维修|京剧|太极,2024-06-27 16:34:03
user_000195,李明,50,wtw37hew,维修|家常菜|园艺|健走,2025-06-17 19:13:19
user_000196,刘晶,50,wtw655r8,书法|按摩|带孙辈|摄影班|绘画,2025-04-12 04:03:41
user_000197,戚佳,60,wtw1qdvx,英语|智能手机|绘画,2025-02-01 05:27:02
user_000198,李秀云,64,wtw60xjk,棋牌|健走|中医养生|围棋|民乐,2025-03-02 18:42:06
user_000199,汪荣,64,wtw2d6p3,剪纸|棋牌|带孙辈|太极|绘画|书法班,2024-04-09 17:19:47
user_000200,潘坤,52,wtw2knqr,阅读|智能手机|宠物|插花,2024-09-21 05:42:53
user_000201,刘瑞,73,wtw3kep7,阅读|八段锦|家常菜,2025-06-03 07:01:05
user_000202,刘秀梅,74,wtw2yb54,摄影班|维修|宠物|围棋|旅游|民乐,2024-07-08 07:35:04
user_000203,朱艳,74,wtw2z7qr,八段锦|理财|围棋|书法班|旅游|按摩,2024-03-02 08:08:07
user_000204,彭欣,50,wtw2g2q0,烘焙|围棋|民乐,2025-05-24 19:33:31
user_000205,马峰,83,wtw2wxd1,书法班|合唱|智能手机,2025-07-07 13:47:43
user_000206,蒙建军,68,wtw3mqbs,广场舞|登山|摄影班|插花|按摩,2025-07-30 05:58:30
user_000207,樊畅,76,wtw9ckpf,摄影班|民乐|阅读|书法|绘画|京剧,2024-07-03 08:31:43
user_000208,黄凤英,62,wtw92pmw,民乐|园艺|登山|理财|中医养生,2025-06-29 01:49:52
user_000209,李红霞,45,wtw6877u,中医养生|理财|宠物|编织|钓鱼,2024-12-20 16:01:50
user_000210,谢桂花,66,wtw94bfw,健走|摄影班|广场舞,2024-09-19 13:21:54
user_000211,赖涛,66,wtw2efve,茶道|八段锦|带孙辈|宠物|太极|英语,2025-06-21 21:13:46
user_000212,岳平,77,wtw1yczs,英语|中医养生|登山,2025-06-20 19:49:11
user_000213,谢楠,51,wtw1nvf3,短视频|合唱|插花|广场舞|旅游,2024-10-01 12:54:09
user_000214,王磊,63,wtw3rmbm,绘画|摄影|围棋|广场舞,2023-12-30 18:41:28
user_000215,梁明,60,wtw6jp7f,太极|广场舞|阅读,2024-11-25 21:46:19
user_000216,张琴,79,wtw8d46y,维修|英语|烘焙|编织|带孙辈,2025-07-25 11:42:41
user_000217,曹玲,77,wtw356v2,太极|智能手机|书法,2024-03-10 06:58:21
user_000218,李洋,46,wtw89rbd,宠物|家常菜|太极|短视频,2024-07-17 06:10:51
user_000219,张瑜,45,wtw3w2bw,历史|棋牌|健走|太极|园艺|维修,2024-08-18 18:53:43
user_000220,吕金凤,75,wtw3qygw,健走|宠物|书法,2025-01-09 09:20:52
user_000221,董龙,46,wtw0rt0b,合唱|理财|英语|维修|太极|围棋,2025-03-19 23:27:41
user_000222,梁凤兰,84,wtw8fnn6,茶道|民乐|按摩,2024-07-08 00:05:54
user_000223,马成,62,wtwd0fnd,烘焙|短视频|摄影班,2024-11-15 18:53:36
user_000224,杨娜,73,wtw3y102,旅游|合唱|家常菜|中医养生|钓鱼,2023-10-21 17:11:42
user_000225,纪秀珍,51,wtw6qzst,钓鱼|京剧|书法班|太极|按摩,2024-08-09 17:25:42
user_000226,冉杨,85,wtw2w206,英语|剪纸|烘焙|按摩,2023-10-22 16:36:12
user_000227,冯云,74,wtw0z0qs,园艺|理财|家常菜|烘焙|按摩,2023-11-24 15:53:04
user_000228,王欣,69,wtw60k79,民乐|棋牌|智能手机|广场舞,2025-03-28 02:42:58
user_000229,徐利,66,wtw6prvy,围棋|茶道|阅读,2024-01-27 00:58:51
user_000230,邱亮,82,wtw67xdm,书法班|书法|旅游|理财|剪纸,2024-04-22 12:06:54
user_000231,何文,75,wtw3nb3s,家常菜|摄影|剪纸,2025-08-07 14:35:51
user_000232,王帅,79,wtw2f47g,摄影班|茶道|广场舞,2025-03-23 21:32:13
user_000233,王军,48,wtw4qbd7,登山|书法|合唱|民乐,2024-08-13 18:33:32
user_000234,邓利,58,wtw1qvvt,短视频|旅游|剪纸,2024-03-10 00:04:12
user_000235,李晨,83,wtw2cej4,园艺|京剧|茶道,2023-10-10 02:57:34
user_000236,姜雷,78,wtw8f4sj,健走|太极|插花|围棋|园艺,2025-08-17 20:31:27
user_000237,姚建,81,wtw3w70f,园艺|短视频|八段锦|书法班|插花|智能手机,2023-11-01 07:39:00
user_000238,权桂花,79,wtw6x1f1,宠物|登山|摄影班|维修,2024-02-05 11:46:01
user_000239,罗强,51,wtw1nqsh,宠物|书法|钓鱼|理财|健走,2024-09-25 21:08:13
user_000240,蔡欣,73,wtw622ft,家常菜|摄影|英语,2024-06-06 01:27:13
user_000241,王慧,70,wtw63srj,围棋|园艺|家常菜|插花,2025-03-03 15:11:24
user_000242,何桂英,85,wtwd70mn,英语|茶道|阅读|理财,2024-09-12 16:37:10
user_000243,韩小红,51,wtw90z6g,家常菜|登山|棋牌|中医养生|智能手机,2025-04-12 00:40:11
user_000244,张峰,60,wtw2zfx3,八段锦|围棋|阅读|按摩|维修|智能手机,2024-11-30 14:56:29
user_000245,伍丹丹,64,wtw6p4gj,旅游|广场舞|英语|智能手机,2023-09-07 14:57:39
user_000246,王波,55,wtw8cw3h,书法班|太极|维修,2024-08-23 23:11:10
user_000247,钟桂花,81,wtw67rhq,登山|编织|钓鱼,2024-02-22 21:54:54
user_000248,邵明,65,wtwd1t7d,编织|按摩|历史|太极|短视频,2025-07-01 12:31:33
user_000249,尹兰英,53,wtw6q821,摄影班|宠物|茶道|带孙辈,2024-07-17 23:10:04
user_000250,周淑珍,48,wtw3n9vh,智能手机|英语|带孙辈|登山|历史|京剧,2025-03-16 08:18:04
user_000251,王超,63,wtw3c1et,绘画|棋牌|八段锦|茶道|合唱,2024-01-08 19:07:53
user_000252,王杰,68,wtw2tx4d,健走|家常菜|理财,2023-10-17 13:06:16
user_000253,龚英,65,wtw6e6g0,中医养生|摄影|健走|合唱|登山,2024-10-28 17:14:07
user_000254,徐磊,57,wtw62n97,维修|围棋|带孙辈|英语,2024-08-03 13:19:19
user_000255,刘玉兰,48,wtw60ku7,理财|中医养生|家常菜|智能手机|剪纸|烘焙,2024-09-12 05:14:45
user_000256,谈强,61,wtw6s5z5,英语|棋牌|广场舞|登山,2025-08-15 02:33:50
user_000257,林兰英,85,wtw3jypn,编织|京剧|按摩|摄影,2024-09-29 10:32:12
user_000258,李淑华,58,wtw3c2v0,历史|烘焙|围棋|剪纸,2025-02-10 15:46:54
user_000259,谭秀梅,68,wtw6s9qd,短视频|棋牌|绘画|历史,2024-07-11 12:49:59
user_000260,庄淑珍,52,wtw30s5b,中医养生|宠物|烘焙|太极,2024-02-22 04:53:55
user_000261,张艳,48,wtw82srv,编织|绘画|京剧|中医养生,2024-03-09 22:56:07
user_000262,王桂珍,81,wtw32s7c,中医养生|剪纸|历史|旅游,2024-04-24 07:01:27
user_000263,韦艳,48,wtw4w9ny,宠物|维修|茶道,2025-02-21 01:46:55
user_000264,张丽娟,64,wtw3uvx5,宠物|中医养生|烘焙,2025-01-18 00:50:16
user_000265,雷宇,48,wtw64stz,带孙辈|太极|智能手机|中医养生|登山|钓鱼,2024-11-03 06:30:52
user_000266,彭建,68,wtw2kp5n,摄影|历史|健走|民乐|钓鱼|太极,2024-09-11 05:00:31
user_000267,何东,50,wtw96qxy,插花|剪纸|按摩|历史|八段锦,2024-11-01 06:59:13
user_000268,刘楠,84,wtw3npq4,八段锦|家常菜|太极,2024-05-01 02:00:02
user_000269,邢霞,47,wtw2yxg3,英语|旅游|健走|维修|书法班|园艺,2024-05-09 05:04:07
user_000270,李波,54,wtw1yfck,中医养生|健走|编织,2025-06-30 14:21:52
user_000271,王秀兰,55,wtw1yrhn,民乐|茶道|宠物|编织|太极|带孙辈,2024-06-16 11:38:21
user_000272,陈浩,48,wtw3s6bv,摄影|家常菜|太极|广场舞,2025-04-14 17:47:40
user_000273,毛柳,79,wtw2rvbr,园艺|民乐|京剧|按摩|摄影班,2024-08-23 15:39:07
user_000274,田雪,60,wtw1r7f6,八段锦|智能手机|太极|健走|剪纸|园艺,2024-06-16 08:26:16
user_000275,薛鹏,75,wtw3dtvy,钓鱼|英语|摄影班|维修|合唱|健走,2023-09-17 02:13:30
user_000276,文琳,66,wtw2ft52,棋牌|家常菜|旅游,2024-08-08 16:03:22
user_000277,吕利,45,wtw3v3br,太极|历史|健走,2023-12-20 05:53:28
user_000278,张丽华,72,wtw9ffd8,中医养生|登山|按摩|家常菜,2024-01-18 06:39:13
user_000279,程丽娟,60,wtw1n3sn,绘画|摄影班|登山|广场舞|带孙辈,2023-12-01 22:29:54
user_000280,张萍,70,wtw4pfq9,阅读|摄影|英语,2024-05-27 18:42:09
user_000281,许萍,57,wtw960eh,园艺|围棋|智能手机,2025-06-03 09:53:24
user_000282,孙强,51,wtw6j5w0,民乐|太极|理财,2025-03-11 19:58:02
user_000283,王建国,62,wtw2ybsc,旅游|书法班|太极|摄影|带孙辈,2024-02-28 12:41:17
user_000284,柴金凤,73,wtw2vyb1,绘画|摄影|中医养生|八段锦|园艺,2024-06-18 18:59:38
user_000285,蒙璐,75,wtw2qny3,围棋|登山|短视频|理财,2023-10-31 16:25:50
user_000286,邓凤英,62,wtw9b6ze,历史|按摩|八段锦,2024-04-06 05:31:39
user_000287,王红霞,67,wtw87j5u,围棋|理财|书法,2024-07-28 04:05:05
user_000288,宋波,54,wtw1wed9,茶道|家常菜|京剧,2025-08-11 07:19:28
user_000289,姚帆,57,wtw2sq07,英语|维修|宠物|摄影|插花,2025-05-05 22:41:33
user_000290,刘林,52,wtw27jbv,剪纸|茶道|历史|理财,2025-05-15 08:54:50
user_000291,洪红梅,53,wtw1p50k,编织|八段锦|京剧|按摩|摄影,2024-08-26 06:35:27
user_000292,萧刚,72,wtw2zb96,绘画|健走|太极,2025-08-07 20:45:01
user_000293,宁柳,66,wtw6kkux,宠物|合唱|插花,2023-10-15 05:04:25
user_000294,谭琳,78,wtw3zwm2,智能手机|烘焙|摄影|家常菜|旅游|太极,2024-08-07 20:28:43
user_000295,李想,47,wtw39pyv,插花|理财|园艺|摄影班,2023-10-25 03:22:41
user_000296,沈桂珍,77,wtw9em6v,民乐|围棋|京剧|家常菜|绘画,2025-07-13 10:52:29
user_000297,俞秀兰,49,wtw3z3jj,摄影|广场舞|园艺,2025-01-23 01:53:46
user_000298,熊凤英,84,wtw4qwmj,中医养生|园艺|民乐|广场舞|合唱|英语,2025-05-06 09:29:23
user_000299,陈淑英,66,wtw4p7s7,八段锦|绘画|书法班|维修,2025-05-06 19:05:11
user_000300,李丽娟,51,wtw3gqtj,插花|八段锦|带孙辈|摄影|民乐,2023-09-10 09:01:00
user_000301,杨玉,77,wtw27r5c,理财|书法|民乐|烘焙|太极,2025-03-06 12:35:03
user_000302,刘刚,84,wtw62ry5,京剧|广场舞|带孙辈|合唱,2024-11-11 06:18:25
user_000303,雷建华,68,wtw3wywp,中医养生|园艺|按摩|家常菜,2025-06-01 01:50:40
user_000304,李丽丽,71,wtw6jt1t,广场舞|棋牌|短视频|登山|摄影|书法,2024-08-19 12:29:58
user_000305,欧阳辉,62,wtwd2v3n,书法|民乐|摄影班|维修|绘画,2025-02-17 06:51:53
user_000306,陈文,64,wtw2f7mh,钓鱼|绘画|英语|中医养生,2024-12-17 03:12:04
user_000307,宋桂珍,46,wtw65zmh,书法班|剪纸|园艺|合唱|茶道,2025-06-20 20:04:47
user_000308,欧军,70,wtw6d56u,登山|棋牌|合唱|钓鱼|短视频,2025-02-16 17:32:01
user_000309,陈岩,70,wtw2kqsm,围棋|按摩|京剧|广场舞|插花,2025-08-22 05:47:11
user_000310,岑秀华,45,wtw2qpjx,剪纸|宠物|健走,2023-12-25 10:11:58
user_000311,李桂香,61,wtw3ghy6,中医养生|园艺|摄影|烘焙,2024-12-30 03:39:58
user_000312,梁磊,84,wtwd3223,旅游|历史|摄影|京剧|茶道,2024-07-19 02:05:05
user_000313,朱勇,79,wtw912h7,理财|棋牌|维修,2024-01-19 23:42:14
user_000314,边成,50,wtw883kj,广场舞|摄影班|绘画|棋牌|书法|八段锦,2023-10-27 04:32:38
user_000315,欧阳楠,77,wtw9fm78,摄影|编织|宠物|民乐,2024-08-15 23:41:43
user_000316,叶波,77,wtw2s2zu,茶道|烘焙|摄影|太极|民乐|编织,2025-03-11 16:22:34
user_000317,翁宇,58,wtw6sbxe,智能手机|英语|摄影班,2023-11-11 14:35:10
user_000318,任梅,48,wtw0y5u3,中医养生|书法班|钓鱼,2024-01-13 16:35:42
user_000319,曹雷,85,wtw3fekq,绘画|烘焙|茶道|维修|剪纸|健走,2025-04-23 20:15:21
user_000320,梁建,85,wtw89p4f,绘画|钓鱼|摄影|书法班|按摩|编织,2023-09-11 04:46:49
user_000321,何东,52,wtw1phw3,按摩|太极|登山|健走,2024-02-25 21:48:03
user_000322,张军,55,wtw3vnb4,摄影|围棋|合唱|中医养生|剪纸,2023-11-03 01:50:11
user_000323,朱岩,83,wtw1q8k5,棋牌|书法班|京剧|园艺|理财,2023-11-06 09:30:08
user_000324,阎辉,82,wtw681vg,园艺|历史|书法班|绘画|摄影,2023-12-30 21:10:00
user_000325,赵慧,66,wtw3e4c4,带孙辈|理财|剪纸|京剧,2025-08-25 17:41:46
user_000326,尹博,73,wtw66ume,京剧|民乐|绘画,2025-03-07 17:59:35
user_000327,王平,77,wtwd1m1f,钓鱼|棋牌|剪纸,2025-06-30 03:53:36
user_000328,王刚,76,wtw27qp0,健走|旅游|书法班|登山|短视频|宠物,2024-09-05 16:47:11
user_000329,崔兰英,75,wtw918ss,绘画|烘焙|登山|健走,2023-11-14 10:08:16
user_000330,李金凤,67,wtw659h3,广场舞|书法|摄影|英语|围棋|历史,2024-05-06 08:20:26
user_000331,汤玉珍,83,wtw2euvx,太极|中医养生|摄影班|合唱,2025-04-04 14:28:15
user_000332,何桂英,53,wtw351nk,带孙辈|棋牌|维修|摄影|登山,2024-09-11 21:01:24
user_000333,张秀芳,84,wtw4xgjd,带孙辈|民乐|宠物,2024-04-10 13:26:51
user_000334,张秀荣,56,wtw9d99s,烘焙|短视频|登山|理财|书法班,2024-11-08 23:08:56
user_000335,唐丽华,63,wtw32wu2,插花|旅游|编织|烘焙|书法|摄影班,2023-12-15 07:20:23
user_000336,邓博,74,wtw2sm5z,园艺|广场舞|旅游,2025-01-28 17:36:44
user_000337,舒秀英,59,wtw9cgvm,维修|智能手机|太极|围棋,2025-04-22 09:51:32
user_000338,戴旭,73,wtw6q1xb,宠物|棋牌|理财|书法班|书法|钓鱼,2024-03-19 22:54:14
user_000339,李建国,57,wtw2y902,八段锦|摄影|剪纸|绘画|历史,2024-04-29 15:17:47
user_000340,雷丽丽,50,wtw1p731,太极|围棋|棋牌|家常菜|园艺|广场舞,2025-07-23 00:41:11
user_000341,张建国,82,wtw3tzch,广场舞|茶道|烘焙,2023-11-09 20:05:06
user_000342,翁磊,63,wtw2t896,绘画|摄影|带孙辈|烘焙,2024-09-26 03:41:20
user_000343,吕洋,81,wtw38b6x,英语|棋牌|按摩|阅读|太极,2025-07-11 03:48:02
user_000344,孟亮,72,wtw606p6,编织|书法班|宠物|带孙辈|合唱|智能手机,2024-08-20 08:21:24
user_000345,张瑞,53,wtw3k01r,历史|京剧|园艺,2024-09-17 10:14:37
user_000346,边浩,78,wtw32kbe,摄影班|民乐|棋牌,2024-01-26 21:27:55
user_000347,江桂珍,77,wtw2quxz,剪纸|围棋|理财|八段锦|旅游|健走,2025-07-26 23:47:06
user_000348,王秀芳,84,wtw6nkqb,编织|茶道|插花|书法班,2024-08-14 00:09:27
user_000349,王红梅,73,wtw3nn0j,绘画|京剧|带孙辈,2023-12-14 02:54:41
user_000350,刘萍,78,wtwd8gts,摄影|八段锦|英语|家常菜|绘画,2025-02-16 16:14:12
user_000351,蒋丽丽,75,wtw8gmv6,京剧|插花|绘画|园艺,2023-09-21 18:25:49
user_000352,张琴,74,wtw94hj6,剪纸|书法班|广场舞|围棋|带孙辈|棋牌,2023-12-15 06:05:09
user_000353,熊云,78,wtw38wet,围棋|广场舞|旅游|剪纸|智能手机|摄影,2024-01-19 09:01:50
user_000354,王海燕,51,wtw8bsb7,历史|插花|短视频|登山|家常菜,2023-12-18 07:32:26
user_000355,王晶,69,wtw375rh,英语|围棋|合唱|书法班|剪纸|智能手机,2025-06-23 20:33:33
user_000356,高梅,58,wtw9futh,摄影班|中医养生|家常菜|摄影,2024-07-03 13:38:02
user_000357,邢红霞,79,wtw6eddg,智能手机|维修|民乐|剪纸|钓鱼|园艺,2024-09-05 17:19:43
user_000358,丁帅,68,wtw8g5mg,健走|编织|摄影|中医养生|插花,2024-09-09 19:24:57
user_000359,曾秀云,81,wtw2wy99,旅游|园艺|中医养生|广场舞|围棋,2024-04-02 05:24:53
user_000360,孙秀华,59,wtw0zcz3,旅游|钓鱼|广场舞,2025-06-13 19:39:35
user_000361,赵桂荣,78,wtw321qv,民乐|钓鱼|家常菜|棋牌|烘焙,2024-03-03 16:47:24
user_000362,龚晨,64,wtw2u24b,登山|编织|合唱|宠物|烘焙|智能手机,2024-09-09 00:36:37
user_000363,王桂香,54,wtw2vgpy,带孙辈|中医养生|编织|按摩,2025-06-19 09:44:14
user_000364,陈辉,83,wtw3z354,八段锦|按摩|登山|历史|茶道,2023-10-07 22:06:42
user_000365,邵楠,69,wtw90kbu,合唱|剪纸|摄影|旅游|带孙辈|历史,2023-09-16 11:39:08
user_000366,张丽丽,79,wtw31mmw,带孙辈|智能手机|园艺,2025-03-06 03:28:06
user_000367,王玲,58,wtw3usss,书法|旅游|理财|合唱|编织|健走,2024-01-28 02:02:41
user_000368,张东,47,wtw6qfq0,宠物|棋牌|插花|民乐|带孙辈,2024-09-24 15:05:28
user_000369,李琳,61,wtw8czyc,棋牌|按摩|围棋,2024-01-06 13:55:10
user_000370,周宇,73,wtw6w8u9,围棋|摄影班|钓鱼|插花,2023-12-02 09:26:03
user_000371,林帅,85,wtw99z4z,插花|书法|摄影|太极|围棋,2024-03-03 03:05:10
user_000372,吕桂芳,78,wtw9fcqz,维修|智能手机|围棋,2025-06-30 01:16:31
user_000373,鲁秀华,85,wtw4x234,书法|围棋|登山|中医养生|阅读,2024-02-17 00:12:54
user_000374,邢玉,65,wtw3xr7b,太极|围棋|智能手机|按摩|带孙辈|旅游,2025-01-16 23:10:14
user_000375,吴佳,71,wtwd67nn,书法班|登山|绘画|短视频,2024-10-25 09:14:05
user_000376,陈勇,82,wtw6jb73,维修|摄影|烘焙|理财,2024-12-24 15:46:32
user_000377,马慧,52,wtw6rb8k,家常菜|阅读|英语|书法班|园艺,2025-08-08 21:45:13
user_000378,唐浩,76,wtw2s92v,带孙辈|书法|茶道|书法班,2025-06-20 23:34:45
user_000379,吴云,68,wtw684f6,八段锦|烘焙|茶道|广场舞|维修,2024-05-20 19:24:35
user_000380,张东,74,wtw2smc7,八段锦|太极|阅读,2024-10-24 15:23:02
user_000381,宋晨,51,wtw3t6nh,绘画|理财|智能手机|登山,2024-02-02 10:02:39
user_000382,张红,60,wtwd8ecw,带孙辈|民乐|合唱,2023-12-08 01:38:09
user_000383,揭建军,67,wtw8c05p,健走|太极|书法|英语|宠物,2024-12-27 17:00:04
user_000384,马欢,85,wtw9d904,中医养生|维修|阅读|太极|广场舞,2024-02-20 22:58:35
user_000385,刘宇,51,wtw8bk7w,健走|合唱|智能手机,2025-03-18 00:42:45
user_000386,黄桂芝,54,wtw2yxuv,民乐|编织|带孙辈,2024-05-01 20:28:58
user_000387,焦丽娟,82,wtw0z6hm,阅读|家常菜|历史|书法,2025-04-26 08:38:08
user_000388,王莹,65,wtw8fuqh,带孙辈|编织|书法班,2024-03-19 21:16:21
user_000389,秦瑞,50,wtw63p8j,八段锦|剪纸|宠物,2025-05-01 09:14:52
user_000390,霍楠,66,wtw8fv6m,理财|家常菜|合唱|阅读,2024-04-29 08:05:27
user_000391,石畅,49,wtw3zu1z,带孙辈|太极|剪纸|旅游|插花|棋牌,2025-01-22 18:50:47
user_000392,张芳,47,wtw35cek,摄影班|剪纸|登山|旅游|阅读,2025-06-21 18:33:05
user_000393,萧荣,65,wtw950hw,八段锦|登山|钓鱼,2024-05-15 19:24:09
user_000394,彭秀珍,77,wtw82xv9,合唱|带孙辈|旅游|登山,2024-01-10 14:00:10
user_000395,孟杨,68,wtw9936z,英语|太极|维修,2025-05-09 13:06:03
user_000396,谢秀梅,74,wtw1x0fu,书法班|棋牌|钓鱼|理财,2023-09-12 15:52:03
user_000397,李萍,72,wtw90kxt,旅游|登山|绘画,2024-04-08 10:43:42
user_000398,应娟,56,wtw2evg3,旅游|编织|书法班|钓鱼,2024-03-09 17:31:46
user_000399,文金凤,61,wtw3su21,维修|阅读|短视频|旅游|健走|园艺,2024-10-20 23:58:18
user_000400,杨文,62,wtw8fyxc,宠物|旅游|编织|钓鱼|合唱|园艺,2024-12-23 20:51:44
user_000401,卫桂荣,83,wtw3hd52,智能手机|太极|旅游|茶道,2024-12-19 23:27:03
user_000402,丁艳,75,wtw62nm2,民乐|理财|登山,2024-07-29 14:13:45
user_000403,焦瑞,74,wtw2dhnk,围棋|插花|太极|民乐,2025-05-05 23:58:19
user_000404,孙云,80,wtw2ky6e,烘焙|插花|健走|中医养生,2025-07-19 18:52:02
user_000405,雷楠,74,wtw0wzv1,登山|钓鱼|太极|编织,2025-02-12 18:59:22
user_000406,徐建,75,wtw940dz,剪纸|旅游|摄影|京剧|摄影班|英语,2023-10-31 00:04:18
user_000407,李晨,74,wtw3zr4g,绘画|广场舞|园艺|围棋|京剧,2024-07-02 06:44:22
user_000408,刘琳,47,wtw3mfqb,茶道|维修|太极|插花|民乐|健走,2024-06-17 15:36:02
user_000409,田杰,72,wtw37yz8,民乐|京剧|茶道,2023-10-29 20:23:08
user_000410,蔡帅,82,wtw8bbmd,茶道|合唱|健走,2024-09-02 18:13:59
user_000411,张华,60,wtw92s4y,绘画|太极|编织|英语,2024-09-10 13:23:03
user_000412,林磊,80,wtw2msxr,中医养生|带孙辈|宠物|英语|按摩,2024-07-23 22:07:48
user_000413,董桂芝,77,wtw87k8q,编织|京剧|带孙辈|棋牌|剪纸,2024-07-08 18:32:39
user_000414,马丹丹,84,wtw3vg63,园艺|历史|钓鱼|京剧|旅游|茶道,2025-01-08 03:26:57
user_000415,谌桂荣,75,wtw4qntg,英语|摄影|民乐|剪纸,2025-08-19 20:06:31
user_000416,柳秀荣,82,wtw31uc9,旅游|阅读|围棋,2024-02-12 00:30:57
user_000417,吴建平,53,wtw63jmb,棋牌|维修|八段锦|钓鱼|健走,2024-06-19 18:18:42
user_000418,王志强,85,wtw82zj2,英语|短视频|维修|带孙辈|中医养生|剪纸,2025-07-20 13:57:11
user_000419,杨岩,70,wtw3ty76,京剧|英语|园艺|太极|围棋|烘焙,2024-03-26 01:03:24
user_000420,高晨,49,wtw93uuh,八段锦|带孙辈|理财|历史|短视频,2024-08-20 08:11:10
user_000421,丁建,45,wtw1p9f5,登山|旅游|京剧|书法,2025-06-16 13:34:21
user_000422,黄丽华,46,wtw2fc9c,烘焙|围棋|棋牌|按摩|书法班,2024-08-07 14:04:52
user_000423,周桂芳,52,wtw2ts8t,烘焙|按摩|摄影|民乐|中医养生,2023-12-29 18:30:32
user_000424,顾亮,51,wtw2rgzt,棋牌|民乐|摄影|带孙辈,2023-09-01 10:40:19
user_000425,魏刚,70,wtw29vvz,书法|茶道|摄影,2024-09-18 19:19:51
user_000426,屈莹,72,wtwd0kmg,摄影班|宠物|书法班|围棋|理财,2023-12-28 02:42:58
user_000427,刘静,67,wtw3t74t,棋牌|园艺|京剧,2024-08-23 16:49:52
user_000428,陈丽丽,57,wtw344s2,烘焙|编织|中医养生|茶道,2025-01-02 14:04:33
user_000429,刘桂珍,77,wtw2b3xx,旅游|英语|八段锦|登山|合唱,2024-06-26 12:30:31
user_000430,王建华,66,wtw3hdtr,剪纸|理财|绘画,2024-10-15 17:43:19
user_000431,杨超,73,wtw3mjwz,旅游|阅读|绘画|英语|摄影班,2025-03-12 04:09:29
user_000432,吴淑华,65,wtw36cn4,旅游|摄影班|书法|英语|维修,2025-07-20 12:01:07
user_000433,伍欣,83,wtw39d9u,编织|书法班|宠物|剪纸,2024-01-05 06:41:28
user_000434,罗华,52,wtw6rjm1,按摩|剪纸|钓鱼|理财|棋牌|中医养生,2025-04-09 11:26:36
user_000435,刘坤,52,wtw6pvdg,中医养生|维修|烘焙|登山|书法|按摩,2025-07-20 17:11:10
user_000436,李杰,59,wtw2duns,绘画|书法班|摄影|烘焙,2024-04-10 12:51:18
user_000437,杨静,51,wtw67p1m,按摩|家常菜|历史|绘画|理财,2025-02-03 00:56:25
user_000438,姚博,49,wtw82j5c,合唱|维修|绘画|带孙辈|按摩,2024-07-02 10:00:18
user_000439,萧雪梅,78,wtw6efd2,棋牌|钓鱼|中医养生|剪纸|旅游,2023-10-11 19:40:48
user_000440,张慧,64,wtw2mtu6,合唱|带孙辈|民乐|园艺|棋牌|健走,2024-06-24 09:19:42
user_000441,席杰,67,wtw399sq,带孙辈|理财|宠物|茶道|烘焙,2024-05-08 07:49:07
user_000442,曾静,59,wtw3bxwu,宠物|中医养生|旅游|烘焙|摄影|园艺,2025-02-16 05:02:26
user_000443,叶莉,60,wtw324ss,围棋|摄影班|理财|智能手机|宠物,2024-03-11 03:53:01
user_000444,易健,75,wtw3xx5j,茶道|登山|棋牌|旅游|书法,2024-07-30 20:31:03
user_000445,孙艳,71,wtw62kj8,宠物|健走|烘焙,2024-07-04 07:07:52
user_000446,唐建华,73,wtw4q1u6,园艺|理财|摄影班,2025-02-06 20:38:32
user_000447,吕艳,46,wtw0x98k,英语|旅游|茶道|健走|绘画|理财,2024-11-26 02:56:58
user_000448,张文,46,wtw4pkv9,京剧|烘焙|摄影班|短视频,2024-11-21 02:07:56
user_000449,刘凤英,58,wtw28u6b,短视频|智能手机|民乐|宠物|园艺|插花,2024-03-10 09:37:50
user_000450,邹秀兰,53,wtw2dbbp,书法班|旅游|剪纸|短视频,2024-04-16 01:47:13
user_000451,袁倩,64,wtw2vreb,短视频|棋牌|理财|登山,2024-08-06 19:43:03
user_000452,郭桂英,47,wtw3t012,短视频|按摩|合唱|宠物|八段锦,2024-05-19 02:41:29
user_000453,唐东,52,wtw34rwe,茶道|广场舞|围棋|剪纸|太极,2024-07-10 15:26:59
user_000454,杨伟,58,wtw88pc2,园艺|理财|摄影班|钓鱼|剪纸,2024-08-04 14:42:02
user_000455,杨宁,85,wtw99zdt,书法|广场舞|理财|编织|民乐,2025-07-16 08:45:50
user_000456,桑龙,72,wtw2res2,摄影|阅读|围棋|广场舞|英语,2023-12-28 02:59:03
user_000457,李秀芳,47,wtw1qssp,英语|民乐|家常菜|阅读,2024-02-14 12:44:49
user_000458,陈玉,64,wtw3svuc,历史|维修|合唱|健走,2025-05-13 08:44:58
user_000459,邓云,63,wtw4q1kd,棋牌|书法班|书法|阅读|京剧,2024-09-20 12:41:17
user_000460,覃伟,58,wtw3c4zg,登山|书法|绘画|八段锦|茶道,2024-03-11 03:36:42
user_000461,屈淑兰,53,wtw0wrgg,广场舞|太极|中医养生|旅游|剪纸|理财,2024-11-26 19:13:17
user_000462,郭成,80,wtw0zess,插花|书法|短视频|按摩|民乐|中医养生,2025-03-26 18:49:59
user_000463,杨勇,66,wtw285fk,茶道|绘画|理财|太极|登山|书法,2024-06-23 14:09:35
user_000464,邵勇,81,wtw6jwhe,摄影|英语|智能手机|园艺|绘画|围棋,2023-11-19 14:22:13
user_000465,洪明,69,wtw2969v,摄影班|带孙辈|旅游,2024-12-19 19:35:37
user_000466,苏辉,54,wtw30k1z,健走|广场舞|编织|京剧,2025-03-15 17:21:16
user_000467,张红梅,77,wtw9cu40,八段锦|历史|书法班|维修|围棋|智能手机,2025-01-08 16:55:50
user_000468,刘凤英,47,wtw3w6x4,健走|按摩|烘焙,2024-10-11 06:13:52
user_000469,潘凤英,63,wtw1qhde,园艺|登山|插花|旅游,2024-02-13 21:02:03
user_000470,黄红梅,64,wtw358vr,茶道|书法|带孙辈|太极|绘画,2023-09-19 11:53:43
user_000471,程建,80,wtwdd8x7,广场舞|摄影班|书法班|维修|英语,2024-05-23 11:03:19
user_000472,邓亮,70,wtw3sfts,带孙辈|广场舞|中医养生,2024-02-23 11:21:46
user_000473,孔博,64,wtw64knq,太极|茶道|编织|插花|智能手机|合唱,2025-02-10 15:31:15
user_000474,李玲,60,wtw3tqnz,书法班|家常菜|民乐|阅读|理财,2024-02-11 06:15:46
user_000475,杨冬梅,71,wtw3jb0g,八段锦|带孙辈|插花|茶道|中医养生|短视频,2023-11-02 07:03:05
user_000476,季刚,68,wtw4qnn9,按摩|烘焙|插花,2024-03-30 04:35:22
user_000477,王超,47,wtw87q6h,民乐|京剧|短视频,2023-11-26 03:20:26
user_000478,郭桂花,75,wtw9czh1,旅游|登山|带孙辈|智能手机,2023-12-15 02:28:48
user_000479,朱洁,85,wtw2wzsn,民乐|按摩|书法|智能手机|阅读,2025-07-10 02:47:09
user_000480,黄秀云,83,wtw1prkh,智能手机|八段锦|书法,2024-10-07 06:52:51
user_000481,郭坤,75,wtwd86hw,剪纸|摄影|民乐|登山|阅读|按摩,2023-11-05 07:50:44
user_000482,许秀荣,50,wtw8brv0,书法班|摄影|宠物|钓鱼|家常菜,2024-04-09 07:45:48
user_000483,黄玉珍,69,wtw6r444,按摩|广场舞|剪纸,2024-12-31 23:28:10
user_000484,位冬梅,63,wtw36ccw,历史|维修|家常菜,2025-01-08 23:26:59
user_000485,刘超,81,wtw34jhf,智能手机|烘焙|短视频,2025-02-01 05:45:23
user_000486,鞠娟,71,wtw0w7bt,书法|旅游|园艺|摄影|理财,2025-01-18 04:16:56
user_000487,鞠玉英,57,wtw91nkx,茶道|带孙辈|历史|旅游|烘焙|插花,2023-09-26 09:34:59
user_000488,钟玉梅,47,wtw2u0z9,广场舞|剪纸|摄影班,2024-12-16 23:37:48
user_000489,胡莉,62,wtw3v85j,八段锦|剪纸|书法|阅读|家常菜,2025-05-12 10:07:52
user_000490,李琴,82,wtw6sevk,按摩|合唱|摄影班|健走|剪纸,2024-05-18 08:01:08
user_000491,邓琳,84,wtw6s5pp,旅游|摄影班|阅读|中医养生|太极,2023-11-10 20:17:42
user_000492,杨兵,80,wtw3psbt,健走|合唱|摄影班|中医养生|英语,2024-09-13 05:01:11
user_000493,蒲玉华,48,wtw38ht5,英语|带孙辈|剪纸|短视频,2023-09-19 11:53:40
user_000494,田军,56,wtw37zn5,插花|京剧|书法,2025-03-15 17:16:28
user_000495,车志强,80,wtw3nd29,家常菜|英语|维修|中医养生|健走|插花,2025-05-26 04:41:26
user_000496,邢淑兰,62,wtw1xc9e,维修|绘画|英语|烘焙|围棋|中医养生,2024-05-23 17:58:02
user_000497,王建军,78,wtw34zrt,智能手机|绘画|京剧|摄影,2024-01-08 10:03:19
user_000498,王强,73,wtw2kv8s,登山|合唱|健走|围棋|阅读,2024-01-12 14:28:58
user_000499,夏彬,66,wtw39b28,书法班|园艺|带孙辈|茶道,2024-03-15 03:23:52
user_000500,王秀云,52,wtw3jke1,民乐|钓鱼|摄影|按摩|棋牌|书法,2025-07-06 06:26:35
user_000501,翟秀梅,67,wtw9d8hw,八段锦|旅游|理财|摄影,2024-12-01 00:30:48
user_000502,赵琴,80,wtw65y1p,书法班|棋牌|中医养生|广场舞,2025-07-19 09:40:28
user_000503,赵云,73,wtwd0efp,宠物|京剧|合唱|棋牌,2025-03-10 12:17:01
user_000504,姚兵,51,wtw2b1b6,带孙辈|编织|围棋|短视频|理财|钓鱼,2024-10-26 11:08:17
user_000505,刘坤,78,wtw30cyq,带孙辈|理财|健走|阅读,2024-02-12 15:59:34
user_000506,黄军,60,wtwd87nb,书法|按摩|钓鱼,2024-06-19 22:53:25
user_000507,林璐,52,wtw3tuqx,家常菜|旅游|茶道,2024-06-13 23:06:23
user_000508,张英,70,wtw27qcn,智能手机|旅游|书法|八段锦|民乐,2025-01-02 02:40:28
user_000509,程丽丽,52,wtw0xpkm,绘画|英语|剪纸|带孙辈|编织|棋牌,2025-03-30 07:16:15
user_000510,石桂芳,51,wtw3vjs0,书法|书法班|英语|茶道,2024-03-23 01:01:33
user_000511,吴阳,71,wtw66ywp,广场舞|智能手机|健走|按摩,2025-08-14 07:17:26
user_000512,周建军,48,wtw9e2q6,书法班|八段锦|园艺|棋牌,2025-03-21 07:48:49
user_000513,窦秀芳,80,wtw2eu8w,历史|太极|剪纸|茶道|民乐,2024-07-01 13:58:23
user_000514,陆娟,83,wtw3uhrs,阅读|烘焙|按摩|英语|棋牌,2025-08-10 22:37:14
user_000515,徐彬,48,wtw3uecs,合唱|八段锦|编织|广场舞|园艺|太极,2024-09-13 11:16:24
user_000516,梁桂芳,52,wtw3cbk2,按摩|绘画|健走|旅游|民乐,2024-07-18 01:47:29
user_000517,邱桂芝,77,wtw2qyjs,广场舞|带孙辈|插花|绘画,2024-06-20 17:30:16
user_000518,蔡敏,81,wtw3thjf,园艺|维修|京剧|按摩,2024-06-30 04:00:37
user_000519,李辉,82,wtw37rhe,广场舞|理财|合唱,2025-03-20 14:42:54
user_000520,魏琴,47,wtw6mbf4,宠物|茶道|带孙辈|摄影班,2025-01-18 17:38:56
user_000521,罗兰英,57,wtw3c0xx,广场舞|宠物|茶道|短视频|剪纸|绘画,2025-04-21 13:58:34
user_000522,莫丹,61,wtw6j946,棋牌|摄影|带孙辈,2023-09-27 18:35:38
user_000523,刘倩,73,wtw9bfzv,钓鱼|旅游|摄影,2024-03-31 01:01:31
user_000524,常志强,74,wtw988eq,烘焙|八段锦|书法,2023-11-05 20:23:29
user_000525,赖红梅,60,wtw2g48m,阅读|带孙辈|插花|京剧,2025-05-06 12:26:46
user_000526,钟英,60,wtw6k0w6,京剧|书法班|编织|摄影班,2024-08-14 11:12:06
user_000527,胡海燕,54,wtwd23u3,八段锦|摄影|民乐,2024-10-27 21:04:25
user_000528,李秀梅,63,wtw65s7v,英语|登山|编织|钓鱼,2024-03-17 20:34:12
user_000529,胡成,82,wtw1n40g,茶道|历史|家常菜|围棋|中医养生|绘画,2024-11-20 00:33:11
user_000530,张军,48,wtw1xx6x,园艺|登山|摄影,2025-01-05 21:48:18
user_000531,耿健,47,wtw9c2d5,茶道|插花|智能手机|合唱|八段锦|登山,2025-08-13 18:06:52
user_000532,郑志强,68,wtw3tx1d,短视频|按摩|广场舞,2025-07-17 22:21:43
user_000533,张娜,46,wtw8c9xb,家常菜|广场舞|围棋,2024-09-13 23:06:22
user_000534,苏利,53,wtw2cpdh,民乐|短视频|阅读,2024-03-13 15:26:59
user_000535,白建平,58,wtw3w4rx,民乐|剪纸|宠物|书法班|棋牌,2023-08-28 23:37:22
user_000536,黄冬梅,83,wtw6mjku,烘焙|钓鱼|棋牌,2024-12-17 14:06:20
user_000537,陈琳,58,wtw303n3,健走|摄影|中医养生|家常菜,2025-06-18 02:20:56
user_000538,孙桂香,63,wtw6pk1r,烘焙|带孙辈|阅读|健走|广场舞,2023-12-11 17:06:39
user_000539,姜斌,50,wtwd3b44,理财|书法|太极|京剧,2025-01-16 16:39:46
user_000540,谭秀英,78,wtw956ds,登山|八段锦|民乐|书法班,2025-05-20 17:44:10
user_000541,侯红梅,60,wtw4nkmy,宠物|旅游|绘画,2023-09-20 22:30:19
user_000542,李想,57,wtw327bu,太极|摄影班|剪纸|茶道|宠物|登山,2023-10-21 01:05:57
user_000543,叶燕,76,wtw3tuyy,围棋|智能手机|摄影,2025-05-11 01:56:58
user_000544,宋建平,67,wtw2kj8k,登山|绘画|带孙辈|编织,2023-11-23 03:26:13
user_000545,刘玉,53,wtw2bfef,带孙辈|钓鱼|按摩|书法,2023-12-21 06:49:51
user_000546,白倩,62,wtw86wm5,阅读|健走|登山|短视频,2024-07-15 23:27:31
user_000547,王兵,59,wtw9eh1m,旅游|带孙辈|智能手机|宠物,2024-06-08 05:55:54
user_000548,徐琴,45,wtw6ncgq,历史|棋牌|宠物|绘画|理财,2024-04-28 10:14:46
user_000549,李洋,82,wtw617ug,阅读|摄影班|太极,2024-05-23 02:18:10
user_000550,吴想,50,wtw60536,带孙辈|摄影班|京剧|健走|剪纸,2023-09-29 19:01:00
user_000551,赵俊,61,wtw3jmms,京剧|烘焙|园艺|棋牌,2025-01-17 23:56:19
user_000552,万秀英,56,wtw951cq,八段锦|短视频|书法班,2025-01-20 05:08:37
user_000553,孙帆,62,wtw26jzg,旅游|按摩|中医养生,2024-07-06 13:00:03
user_000554,王建,50,wtw6mmkd,理财|历史|短视频|八段锦,2023-12-26 08:37:36
user_000555,李慧,50,wtw63qf0,摄影|八段锦|园艺,2024-10-24 06:34:44
user_000556,潘桂兰,51,wtw6qsyn,摄影|广场舞|英语|园艺|摄影班,2023-12-18 00:55:49
user_000557,张娟,60,wtw1pnfj,棋牌|园艺|太极|钓鱼,2024-10-28 03:58:14
user_000558,欧秀云,56,wtw2dsxy,京剧|中医养生|宠物|书法班,2024-09-11 10:15:58
user_000559,李畅,75,wtw3wt99,书法|短视频|钓鱼|烘焙|中医养生|茶道,2025-07-19 12:31:43
user_000560,刘桂芝,45,wtw2vx9v,宠物|八段锦|登山|英语|插花|绘画,2024-04-11 07:42:34
user_000561,李刚,65,wtw370pv,理财|按摩|旅游|围棋|绘画|中医养生,2024-08-01 13:15:11
user_000562,侯俊,64,wtw2bv9w,八段锦|家常菜|书法班|绘画,2023-10-13 10:02:57
user_000563,王想,53,wtw3pv4p,书法|智能手机|园艺|烘焙|八段锦|历史,2025-03-19 18:32:34
user_000564,许娜,74,wtw4pc8f,理财|历史|英语|带孙辈|旅游,2025-05-30 19:51:17
user_000565,孙旭,65,wtw1re1w,带孙辈|登山|英语|京剧|健走,2024-11-06 23:11:41
user_000566,赵海燕,48,wtw64cht,旅游|编织|登山|广场舞|摄影|八段锦,2024-10-29 17:25:30
user_000567,朱勇,59,wtw92u5y,编织|园艺|旅游|智能手机|摄影班|广场舞,2023-11-15 20:35:13
user_000568,梁明,59,wtw92y1d,按摩|太极|短视频|插花|摄影班|广场舞,2024-07-24 04:16:20
user_000569,张莉,76,wtw3fbdw,宠物|智能手机|民乐|烘焙,2024-06-13 19:49:36
user_000570,朱杰,75,wtw9b79z,短视频|中医养生|编织|摄影|烘焙,2025-03-10 20:57:48
user_000571,陆敏,83,wtw62kz7,八段锦|烘焙|广场舞|围棋|阅读|棋牌,2024-01-10 01:53:36
user_000572,郑涛,57,wtw88qjn,茶道|理财|棋牌|英语|摄影班|编织,2025-02-23 22:16:11
user_000573,张建,49,wtwd2qhc,维修|按摩|理财|插花,2025-04-04 13:42:37
user_000574,李娜,82,wtw3vh7q,登山|理财|太极,2024-07-04 19:10:09
user_000575,徐强,78,wtw3gmxb,剪纸|摄影班|健走|阅读|历史|家常菜,2023-11-02 04:36:13
user_000576,彭伟,47,wtw2w0kw,健走|钓鱼|历史,2024-05-11 20:08:36
user_000577,王瑜,68,wtw1y6yx,登山|插花|棋牌|摄影,2024-07-23 15:23:30
user_000578,胡亮,80,wtw6mpz2,茶道|八段锦|烘焙|编织,2024-04-01 15:36:55
user_000579,何杨,55,wtw6hbj3,合唱|带孙辈|摄影班|英语|历史,2024-04-09 10:24:57
user_000580,李欣,48,wtw2mtdg,摄影|京剧|园艺|书法,2025-06-03 16:47:49
user_000581,陈英,64,wtw23gxk,茶道|钓鱼|智能手机|旅游|八段锦|合唱,2023-12-21 13:29:12
user_000582,李佳,47,wtw68s0h,英语|剪纸|短视频|登山|插花|旅游,2024-07-08 23:36:28
user_000583,何璐,73,wtw31bx0,健走|摄影|民乐|京剧|按摩,2025-01-23 18:55:42
user_000584,贾飞,79,wtw4x2y2,登山|广场舞|英语|合唱|旅游|智能手机,2025-02-05 19:58:55
user_000585,李秀云,56,wtw6m00j,阅读|带孙辈|历史,2024-12-01 18:23:17
user_000586,陈荣,48,wtw23qe3,茶道|旅游|登山|历史|书法|合唱,2024-06-24 22:29:56
user_000587,朱冬梅,51,wtw29r67,维修|广场舞|阅读|插花|旅游|智能手机,2024-03-19 20:43:20
user_000588,杨博,83,wtw698mg,剪纸|插花|英语|摄影班|理财|健走,2024-12-04 20:12:28
user_000589,王志强,57,wtw9fp68,健走|维修|民乐,2024-12-01 03:49:48
user_000590,李春梅,69,wtw1r4em,健走|摄影|钓鱼|中医养生,2023-09-01 03:14:56
user_000591,严春梅,76,wtw3dfcj,茶道|太极|民乐|健走|园艺,2024-02-08 12:28:06
user_000592,李芳,83,wtw2uedj,围棋|摄影班|广场舞,2024-12-18 23:16:38
user_000593,赵秀荣,52,wtw6thn7,京剧|登山|摄影班,2024-07-27 16:12:21
user_000594,迟明,56,wtw3vrf0,合唱|园艺|烘焙|健走|旅游,2024-09-04 03:34:58
user_000595,吕荣,45,wtw2rnd3,棋牌|中医养生|茶道,2025-06-10 17:35:43
user_000596,丛玉,63,wtw6dk18,带孙辈|书法|旅游,2024-11-01 06:32:41
user_000597,李冬梅,50,wtw6r223,烘焙|摄影班|健走|家常菜|旅游|维修,2025-06-01 10:10:59
user_000598,朱秀荣,69,wtw97mq0,短视频|旅游|园艺|茶道|维修,2024-04-06 08:37:31
user_000599,林明,59,wtwde4b3,书法|编织|剪纸,2023-11-30 15:20:55
user_000600,张莉,48,wtw3grw4,烘焙|短视频|理财,2024-03-31 01:12:24
user_000601,魏荣,84,wtw4pcb1,智能手机|茶道|健走|维修|中医养生,2025-02-05 13:12:01
user_000602,胡秀芳,50,wtw88rqz,旅游|民乐|京剧|广场舞,2024-06-30 23:00:04
user_000603,吴林,65,wtw62m1q,智能手机|按摩|钓鱼|京剧|健走|登山,2024-09-10 03:07:38
user_000604,王涛,59,wtw3jg5s,宠物|钓鱼|历史|烘焙|剪纸,2024-01-29 15:09:11
user_000605,林建华,61,wtw2qn91,太极|摄影|英语|理财|阅读|维修,2025-04-05 20:29:31
user_000606,徐柳,70,wtw8b3s9,历史|按摩|登山,2024-11-29 23:14:30
user_000607,梁秀英,46,wtw6qj7j,健走|历史|书法,2025-02-01 03:20:09
user_000608,王楠,64,wtw86rbv,合唱|摄影班|剪纸|民乐,2025-05-10 00:22:54
user_000609,孙俊,82,wtwd07t3,书法班|旅游|阅读|烘焙,2025-01-10 13:20:13
user_000610,李莹,70,wtw63920,剪纸|旅游|短视频|带孙辈|烘焙|茶道,2025-01-15 01:41:37
user_000611,孔平,69,wtw3vy66,维修|棋牌|历史|按摩,2025-02-03 23:40:03
user_000612,朱玉珍,68,wtw6rz5x,棋牌|短视频|剪纸|旅游|插花,2024-07-01 01:27:18
user_000613,陆亮,49,wtw88b1v,按摩|摄影|编织|剪纸|智能手机,2025-06-20 10:20:02
user_000614,陈莉,57,wtw3fbz7,书法|健走|烘焙|合唱|广场舞,2025-02-26 00:30:47
user_000615,高帅,57,wtw4pdwh,登山|合唱|中医养生|园艺,2025-02-04 09:31:24
user_000616,贾超,85,wtwd0xvj,家常菜|维修|旅游,2025-04-04 07:16:38
user_000617,李建国,84,wtw2kzzk,插花|智能手机|棋牌|理财|八段锦,2024-12-31 17:19:03
user_000618,聂磊,47,wtw1nhr9,阅读|太极|旅游,2025-04-14 11:33:49
user_000619,涂桂芝,49,wtw3m4c4,智能手机|摄影班|短视频|编织|民乐,2024-05-18 13:01:14
user_000620,陶建平,61,wtw93x24,摄影|中医养生|棋牌,2024-06-10 12:13:43
user_000621,张利,52,wtw9b4d6,摄影|八段锦|带孙辈|京剧,2025-02-22 06:24:02
user_000622,王晶,73,wtw0qwwj,维修|家常菜|京剧,2024-06-15 00:11:35
user_000623,周刚,48,wtw35rh0,园艺|历史|短视频|家常菜,2025-01-26 03:40:57
user_000624,郑桂荣,77,wtw8cbd8,绘画|园艺|摄影|钓鱼|民乐|八段锦,2024-05-06 16:33:57
user_000625,葛淑华,64,wtw2the2,剪纸|书法|维修|理财|摄影,2024-12-24 04:19:51
user_000626,张丹,69,wtw6x1ye,旅游|京剧|摄影班,2023-09-22 18:37:03
user_000627,蓝辉,46,wtw1q594,家常菜|宠物|智能手机|英语,2024-07-19 15:44:50
user_000628,杨平,52,wtw2c0ff,剪纸|插花|棋牌,2024-03-25 14:12:45
user_000629,高洁,57,wtw32f7j,维修|园艺|家常菜|烘焙|摄影班|八段锦,2023-10-20 04:22:14
user_000630,郭俊,73,wtw34czw,摄影班|民乐|编织|绘画,2024-03-10 02:04:00
user_000631,潘坤,45,wtw8c3s1,摄影|合唱|带孙辈|智能手机|阅读|棋牌,2024-04-20 14:51:02
user_000632,郜博,45,wtw6qqqs,广场舞|合唱|登山,2023-09-30 14:07:40
user_000633,印桂芝,85,wtw3thb4,智能手机|旅游|太极|按摩|棋牌,2023-09-13 01:02:04
user_000634,韩柳,60,wtw30vxu,维修|绘画|家常菜|编织|登山|烘焙,2024-06-12 03:51:49
user_000635,刘雪梅,46,wtw4xbs8,剪纸|八段锦|围棋,2023-11-27 17:25:42
user_000636,萧颖,74,wtw27n4s,太极|健走|编织,2023-10-05 01:51:50
user_000637,薛建国,68,wtw94chf,中医养生|按摩|插花,2023-12-28 01:45:01
user_000638,尚红霞,55,wtw2y0gg,书法班|广场舞|维修|家常菜|登山|太极,2024-04-23 10:12:12
user_000639,陈莉,50,wtw39evu,广场舞|棋牌|登山|钓鱼,2024-11-06 23:45:37
user_000640,张英,66,wtw38z2k,插花|民乐|园艺|带孙辈,2025-02-07 03:47:49
user_000641,高辉,64,wtw3rwxd,摄影|智能手机|园艺|书法班,2023-11-17 20:31:07
user_000642,高凯,45,wtwd5j3y,短视频|广场舞|维修,2024-05-18 22:12:56
user_000643,李旭,66,wtw2cx15,合唱|带孙辈|园艺|绘画|健走,2024-04-23 10:06:18
user_000644,王佳,80,wtw92p1y,茶道|历史|短视频|烘焙,2023-09-14 21:25:46
user_000645,吴明,62,wtw3srpq,摄影|维修|中医养生,2025-08-17 00:35:14
user_000646,傅海燕,57,wtw2wudx,棋牌|摄影|宠物,2023-09-07 21:28:09
user_000647,申桂芳,49,wtw26p60,登山|家常菜|维修|围棋|短视频,2025-08-08 09:55:57
user_000648,佘敏,66,wtw8ek5d,英语|旅游|摄影班|宠物|登山,2025-06-12 21:16:21
user_000649,杨敏,79,wtw340ym,园艺|英语|茶道|八段锦|家常菜|书法班,2023-09-09 10:10:09
user_000650,周建华,73,wtw30n1y,旅游|京剧|健走|茶道|书法,2024-05-18 06:02:06
user_000651,陈瑞,65,wtw3b7uq,八段锦|按摩|家常菜|棋牌|书法班|编织,2024-09-16 17:10:51
user_000652,俞亮,46,wtw65x5h,剪纸|京剧|维修,2024-07-29 12:58:18
user_000653,吴丹丹,66,wtw1rvuu,围棋|编织|太极|短视频|茶道,2025-07-03 08:24:24
user_000654,陈柳,48,wtw6s2gd,书法|茶道|智能手机|摄影|宠物|历史,2023-10-14 07:57:15
user_000655,李秀珍,67,wtw3yh0b,围棋|登山|摄影,2025-06-06 02:29:37
user_000656,杨娜,78,wtw0zxq8,带孙辈|太极|剪纸|民乐|健走,2024-04-21 17:34:21
user_000657,谢金凤,84,wtw8dbbf,民乐|按摩|理财|书法,2024-10-31 00:42:07
user_000658,周志强,78,wtw61eqs,插花|按摩|围棋,2025-03-15 06:45:23
user_000659,李建,57,wtw2z7v6,棋牌|阅读|书法班|烘焙|剪纸,2025-01-04 04:34:37
user_000660,赵刚,51,wtw22p0x,旅游|棋牌|钓鱼,2024-08-26 20:49:30
user_000661,黄欢,82,wtw6n0x7,英语|家常菜|围棋|编织|宠物,2023-11-29 02:55:30
user_000662,孔帆,46,wtw30r7b,编织|登山|中医养生|理财,2024-05-17 06:33:40
user_000663,郭秀芳,85,wtw2dvqe,插花|书法|历史|按摩|宠物,2023-12-17 17:39:28
user_000664,李瑜,60,wtw8c0nr,维修|民乐|烘焙,2024-11-19 19:42:12
user_000665,张桂荣,55,wtw66t20,插花|书法班|八段锦|宠物|历史|带孙辈,2025-03-20 08:30:28
user_000666,黄琴,75,wtw67bf5,剪纸|宠物|合唱,2025-05-23 21:32:15
user_000667,王桂兰,53,wtw1r388,剪纸|书法|英语|历史|太极,2024-12-08 11:04:35
user_000668,刘明,60,wtw3bdu4,茶道|剪纸|维修|宠物|绘画|旅游,2024-09-17 17:22:04
user_000669,周丽,48,wtw4r77f,短视频|理财|民乐|宠物|英语|围棋,2024-12-26 13:34:09
user_000670,张桂兰,67,wtw3m2t9,摄影班|短视频|智能手机,2025-08-06 17:00:29
user_000671,常瑞,55,wtw96sfs,健走|智能手机|阅读|园艺|宠物|登山,2023-10-29 14:23:08
user_000672,陈萍,57,wtwd0b3t,历史|京剧|中医养生|短视频|按摩,2024-06-18 09:14:37
user_000673,杨娟,55,wtw3yrd9,京剧|历史|广场舞,2024-03-16 17:42:16
user_000674,裴超,55,wtw2dcxb,英语|烘焙|摄影班|合唱|旅游|广场舞,2023-10-09 10:21:13
user_000675,仇丽娟,46,wtw6hvph,摄影班|广场舞|钓鱼,2024-08-31 11:18:12
user_000676,陈秀云,51,wtw1ryn6,阅读|绘画|摄影|短视频|历史|旅游,2024-01-07 16:26:24
user_000677,徐兵,63,wtw9fmq7,英语|摄影|中医养生|围棋|家常菜|插花,2025-01-12 01:48:44
user_000678,陈丽娟,72,wtw30nrp,京剧|旅游|智能手机|围棋|八段锦,2024-04-30 22:50:10
user_000679,孙玉华,78,wtwd7rwe,登山|阅读|围棋|带孙辈|茶道,2023-10-31 04:42:17
user_000680,刘龙,70,wtw6p3um,插花|宠物|家常菜,2025-01-09 10:13:40
user_000681,张莉,57,wtw6dgk2,合唱|带孙辈|园艺,2025-04-06 04:15:25
user_000682,谭荣,76,wtwd18kj,书法|英语|带孙辈|烘焙,2025-08-09 12:40:13
user_000683,张彬,71,wtw35zdz,英语|摄影班|摄影|烘焙|园艺,2023-09-05 13:01:19
user_000684,谢坤,71,wtw6ke3q,宠物|烘焙|健走|广场舞,2024-01-26 08:25:38
user_000685,孙瑞,60,wtw3u8p7,棋牌|钓鱼|插花|广场舞|书法,2024-09-30 02:45:24
user_000686,马博,59,wtw6w2tk,合唱|摄影班|八段锦|英语|宠物,2024-05-15 21:31:28
user_000687,陈洋,85,wtwd0b3t,阅读|带孙辈|智能手机|园艺,2024-02-22 06:28:27
user_000688,刘淑华,54,wtw3hw2e,维修|书法班|理财,2024-03-27 03:19:37
user_000689,韩东,81,wtw3pez1,民乐|英语|历史|家常菜|园艺|登山,2024-02-15 03:34:06
user_000690,王秀珍,61,wtwd0z3y,广场舞|家常菜|理财,2024-04-15 15:49:00
user_000691,李秀荣,78,wtw4x8nj,钓鱼|中医养生|绘画|英语|理财,2025-01-19 14:56:27
user_000692,戚秀梅,79,wtw9eh11,登山|钓鱼|带孙辈|民乐,2024-10-27 23:38:00
user_000693,杨超,64,wtw2fkkc,广场舞|登山|维修|编织|茶道|八段锦,2025-06-29 02:37:54
user_000694,何雷,52,wtw4qjce,宠物|理财|茶道|合唱|园艺|围棋,2024-08-25 12:37:11
user_000695,马冬梅,48,wtw3u3m8,编织|英语|烘焙|家常菜|园艺,2024-11-11 11:23:03
user_000696,戴坤,55,wtw3dtyz,摄影班|登山|插花|历史|太极,2023-10-12 10:24:57
user_000697,谢瑞,50,wtw6rmjm,历史|英语|书法|旅游|带孙辈,2024-03-31 05:09:07
user_000698,周俊,77,wtw3113e,太极|维修|绘画|带孙辈|围棋,2024-06-10 20:56:02
user_000699,王莉,75,wtw3gr86,京剧|登山|园艺|带孙辈,2023-10-09 05:37:54
user_000700,程阳,59,wtw67mvj,带孙辈|合唱|插花|绘画,2023-12-15 23:13:54
user_000701,高秀珍,64,wtw649n7,登山|钓鱼|按摩|摄影,2024-04-12 00:50:13
user_000702,彭平,71,wtw8bkqh,园艺|宠物|剪纸,2024-03-14 07:34:18
user_000703,王斌,51,wtw8bp9z,摄影|围棋|短视频|理财|合唱,2025-04-09 06:06:28
user_000704,王桂荣,64,wtw986br,家常菜|剪纸|历史|编织|园艺,2024-06-13 10:05:32
user_000705,刘鹏,58,wtw8e8ck,智能手机|民乐|园艺|京剧|编织|维修,2023-11-04 23:53:38
user_000706,国洁,65,wtw9105w,合唱|按摩|棋牌|维修|理财,2025-02-23 16:29:58
user_000707,刘玲,59,wtw38yrv,太极|理财|家常菜,2024-06-08 16:09:27
user_000708,吴春梅,74,wtw2skgj,带孙辈|编织|太极,2023-12-28 18:05:19
user_000709,陈玲,69,wtw3t75g,登山|短视频|茶道,2025-03-22 13:32:59
user_000710,曹桂荣,85,wtw2xssc,维修|按摩|旅游|书法班|家常菜|剪纸,2024-12-16 20:55:09
user_000711,郑阳,50,wtw9fgz9,登山|中医养生|书法|英语|园艺,2024-07-09 17:51:57
user_000712,任红霞,78,wtw6e656,英语|历史|摄影班|短视频,2025-03-21 13:22:06
user_000713,罗丽华,61,wtw3sry5,合唱|绘画|带孙辈,2024-06-28 04:48:34
user_000714,杨健,54,wtw9950w,合唱|绘画|编织|理财|园艺|民乐,2025-06-20 15:07:03
user_000715,王柳,64,wtw6p2n4,带孙辈|编织|八段锦|茶道|书法班,2025-04-21 20:41:33
user_000716,刘红梅,83,wtw3x5gw,广场舞|剪纸|中医养生|合唱|按摩|书法,2025-01-25 14:41:06
user_000717,李想,62,wtw917xu,绘画|摄影|按摩,2024-02-25 02:15:07
user_000718,郭建国,48,wtw3t2pw,太极|短视频|理财|八段锦,2024-05-01 03:36:56
user_000719,蒋建国,54,wtw2sr5y,太极|中医养生|广场舞,2025-04-27 11:52:33
user_000720,田淑珍,81,wtw2t395,合唱|智能手机|插花|健走,2025-02-10 02:59:26
user_000721,刘彬,52,wtw8f4pv,广场舞|烘焙|按摩|理财|阅读,2023-09-27 21:08:41
user_000722,李敏,72,wtw2cp0n,插花|烘焙|书法班|英语|摄影班|八段锦,2025-07-01 17:04:45
user_000723,郭莉,82,wtw4q4bk,棋牌|智能手机|短视频|烘焙|书法班|家常菜,2024-08-06 05:25:43
user_000724,耿丽丽,80,wtw893bc,按摩|钓鱼|烘焙|旅游|民乐,2024-02-04 03:19:13
user_000725,刘勇,56,wtw3frc5,京剧|摄影班|宠物|英语|维修,2024-07-31 12:40:30
user_000726,钱敏,64,wtw9entm,书法|合唱|健走|理财|京剧,2025-03-24 06:58:21
user_000727,周晶,63,wtw97e2x,旅游|烘焙|按摩|登山,2024-09-10 23:25:57
user_000728,崔彬,77,wtw2x33k,插花|宠物|阅读|健走|家常菜,2025-07-29 04:33:51
user_000729,徐婷婷,54,wtw3vr93,茶道|阅读|登山|健走|围棋|书法班,2025-07-08 03:46:13
user_000730,黄秀英,84,wtw61by1,广场舞|园艺|摄影|旅游|摄影班,2024-03-31 11:40:01
user_000731,唐畅,50,wtw2bt73,八段锦|宠物|烘焙|按摩|短视频|钓鱼,2024-12-07 22:53:24
user_000732,郭金凤,79,wtw2stvj,编织|阅读|按摩|带孙辈|钓鱼,2025-07-04 09:28:56
user_000733,刘岩,78,wtw699xn,园艺|烘焙|京剧|插花|合唱|历史,2023-10-31 16:40:56
user_000734,周彬,82,wtw6kbck,京剧|太极|摄影|广场舞|剪纸|登山,2025-06-19 23:04:48
user_000735,伍玉,49,wtw28c5j,登山|英语|京剧,2025-07-20 07:17:45
user_000736,胡凤兰,51,wtw2ymtw,民乐|摄影|按摩|智能手机,2023-10-21 02:21:16
user_000737,李鑫,46,wtw3q15b,书法|家常菜|太极|剪纸,2024-04-30 09:15:12
user_000738,林健,85,wtw3bj6k,中医养生|健走|家常菜|书法|书法班,2024-01-04 01:11:24
user_000739,尹明,67,wtw64m9b,八段锦|剪纸|书法班|家常菜,2025-01-17 10:10:38
user_000740,李桂芝,77,wtw95xdz,摄影|烘焙|带孙辈|登山|园艺|理财,2025-07-01 08:58:06
user_000741,李东,81,wtw66q6r,烘焙|钓鱼|棋牌|阅读|八段锦|英语,2025-06-09 06:55:00
user_000742,狄建国,48,wtw6x9ek,园艺|茶道|插花|健走|太极,2025-05-05 04:42:13
user_000743,梁英,48,wtwd4rr0,民乐|书法班|历史,2025-05-31 17:32:46
user_000744,刘文,84,wtw0xqwq,民乐|烘焙|智能手机|八段锦,2023-12-31 16:38:51
user_000745,颜俊,72,wtw97x7h,中医养生|民乐|园艺|钓鱼|广场舞,2023-11-15 06:58:23
user_000746,井雪,70,wtw3z6xf,家常菜|钓鱼|登山|烘焙|书法班,2024-03-06 06:05:46
user_000747,魏飞,57,wtw3cqpf,民乐|合唱|理财|钓鱼|书法班,2025-02-27 10:59:43
user_000748,唐建,48,wtw39wj0,合唱|编织|英语|太极,2025-08-15 23:41:59
user_000749,高玲,79,wtw6x6qu,家常菜|茶道|按摩|广场舞,2025-02-13 09:04:19
user_000750,胡桂芝,53,wtw6w4yg,家常菜|合唱|旅游|书法|阅读,2025-08-11 14:07:11
user_000751,赵莉,80,wtw83gx8,八段锦|理财|钓鱼|太极|书法班,2025-06-12 12:48:35
user_000752,杨文,45,wtw62bjh,民乐|登山|合唱|剪纸,2025-04-03 13:07:39
user_000753,李楠,71,wtw0we9w,棋牌|理财|按摩|中医养生|编织|阅读,2023-12-08 16:56:00
user_000754,陈飞,52,wtw34w3x,智能手机|园艺|家常菜|旅游,2024-11-22 11:19:47
user_000755,窦俊,49,wtwd2f18,烘焙|智能手机|宠物,2024-01-26 01:39:13
user_000756,余秀英,71,wtw29cwh,园艺|登山|短视频|合唱|智能手机,2025-08-21 08:44:16
user_000757,叶洋,77,wtw9440m,维修|棋牌|带孙辈|剪纸|健走|智能手机,2025-06-14 15:16:50
user_000758,董建军,81,wtw83zte,京剧|八段锦|绘画|烘焙|历史,2024-04-06 14:17:59
user_000759,曹晶,49,wtw2etq7,智能手机|短视频|茶道|按摩,2025-03-14 07:29:08
user_000760,周莉,71,wtw1pyxg,摄影班|家常菜|阅读|智能手机|登山,2025-06-12 12:17:33
user_000761,汪桂珍,61,wtw97m9v,历史|书法班|书法,2024-01-03 07:26:01
user_000762,谢婷,60,wtw9gn7f,英语|家常菜|维修|绘画,2025-08-21 20:27:55
user_000763,刘建华,53,wtw22jvy,旅游|摄影|广场舞|中医养生|按摩|登山,2024-12-14 19:02:11
user_000764,赵小红,63,wtwd2zms,剪纸|棋牌|中医养生|旅游|书法|京剧,2024-09-30 18:03:51
user_000765,侯婷,78,wtw4n535,维修|围棋|太极,2024-08-10 18:05:44
user_000766,平秀芳,46,wtw9f5dq,旅游|民乐|园艺|英语|太极|烘焙,2023-12-04 14:30:02
user_000767,但阳,74,wtw2e5dm,家常菜|按摩|维修|宠物,2024-07-03 00:41:31
user_000768,彭玉,73,wtw3rhb8,编织|宠物|合唱|插花|民乐,2023-09-18 12:17:21
user_000769,李玉华,71,wtw1pwry,智能手机|英语|插花|剪纸,2024-05-27 01:26:41
user_000770,孙桂荣,45,wtw60mqx,智能手机|短视频|八段锦|摄影班|阅读,2024-11-24 02:31:43
user_000771,张红霞,62,wtw6q7xv,带孙辈|京剧|阅读|钓鱼|合唱,2023-10-26 05:18:00
user_000772,阙敏,51,wtw2u04f,园艺|插花|八段锦|民乐,2024-02-12 07:28:08
user_000773,陈桂花,47,wtw3cjvx,中医养生|智能手机|摄影,2025-01-04 02:01:40
user_000774,谢建国,79,wtw82z32,带孙辈|合唱|英语,2023-10-14 12:13:22
user_000775,张凤英,61,wtw2zehn,棋牌|英语|短视频,2024-02-05 03:36:25
user_000776,吴霞,54,wtw96kx0,剪纸|摄影|英语|维修,2025-02-06 22:35:20
user_000777,樊慧,53,wtw35k6z,太极|登山|按摩|广场舞|阅读|烘焙,2024-06-26 19:43:04
user_000778,杨玉兰,45,wtw91mgn,剪纸|摄影班|短视频,2024-03-21 11:49:24
user_000779,陈军,72,wtw2wzgy,棋牌|绘画|剪纸|家常菜|插花,2024-10-31 02:18:04
user_000780,韩丹,59,wtw3hd7y,八段锦|摄影|绘画,2023-12-20 02:43:02
user_000781,李燕,47,wtwd2h2j,中医养生|理财|书法,2024-03-26 21:46:50
user_000782,张玉英,78,wtw2u3jr,烘焙|广场舞|中医养生,2024-11-15 00:05:26
user_000783,毕斌,83,wtw22xn1,合唱|按摩|摄影班|围棋|智能手机,2024-04-12 01:28:15
user_000784,路欢,56,wtw2ueny,阅读|短视频|摄影班|编织|中医养生|登山,2024-09-06 13:43:48
user_000785,谭彬,72,wtw374ku,钓鱼|维修|摄影|理财,2025-02-08 03:28:56
user_000786,田健,81,wtw6nrz3,短视频|中医养生|理财,2024-07-16 00:11:38
user_000787,翁亮,71,wtw1nuht,健走|书法|棋牌|广场舞,2025-03-08 11:27:19
user_000788,张慧,61,wtwd1vnc,健走|历史|家常菜|英语|合唱|书法,2024-04-28 00:51:03
user_000789,王艳,54,wtw60kt5,京剧|摄影|阅读|维修|园艺|插花,2025-01-07 15:19:25
user_000790,潘静,63,wtw94pq2,带孙辈|太极|旅游,2023-12-06 07:26:45
user_000791,张秀荣,67,wtw39xrw,健走|理财|合唱|围棋|带孙辈|太极,2024-10-12 08:05:09
user_000792,张建军,83,wtw3757r,健走|维修|书法,2025-04-09 09:35:28
user_000793,刘博,54,wtw2myku,烘焙|摄影班|太极|摄影|健走|园艺,2023-09-01 09:50:49
user_000794,杨慧,73,wtw2gk04,英语|广场舞|太极,2025-01-03 16:32:20
user_000795,田鑫,51,wtwd4g5r,棋牌|合唱|京剧|阅读|摄影班|英语,2024-02-06 23:18:50
user_000796,刘文,78,wtw6r2m9,智能手机|合唱|围棋,2024-07-08 05:43:04
user_000797,冉璐,48,wtw0w9e7,剪纸|钓鱼|英语|棋牌|烘焙|旅游,2025-06-23 04:12:02
user_000798,李彬,75,wtw1xbwx,短视频|健走|剪纸|合唱|带孙辈,2023-11-06 17:28:05
user_000799,毕辉,69,wtw996gn,茶道|民乐|烘焙|合唱,2024-05-15 20:27:07
user_000800,李想,81,wtw2cp9g,围棋|绘画|带孙辈,2025-06-29 18:04:00
user_000801,李想,50,wtw6tgnf,维修|智能手机|书法班|阅读|理财,2024-08-07 13:53:25
user_000802,周晶,58,wtw1x5y8,民乐|编织|茶道|围棋|按摩,2024-04-23 22:18:34
user_000803,白玉珍,63,wtw31bpk,钓鱼|太极|家常菜|短视频,2025-02-03 10:25:37
user_000804,方楠,65,wtw4nx66,理财|维修|烘焙,2025-05-06 06:42:30
user_000805,佘旭,74,wtw26tcr,棋牌|园艺|绘画|插花|摄影班,2025-04-23 00:04:22
user_000806,陈淑英,73,wtw96djd,八段锦|茶道|摄影班,2025-01-15 07:23:04
user_000807,陈秀荣,45,wtw2x9mv,民乐|茶道|理财|合唱,2024-05-25 04:02:24
user_000808,杨凤兰,51,wtw3f4m3,广场舞|民乐|钓鱼|登山|宠物,2025-06-07 16:30:26
user_000809,赵雷,56,wtw96t1e,带孙辈|智能手机|剪纸|登山|摄影班|插花,2023-11-27 01:11:53
user_000810,张桂花,81,wtw3t0f2,书法班|中医养生|按摩|编织|园艺|维修,2024-06-21 05:04:22
user_000811,罗丽丽,45,wtw4rk1e,历史|围棋|家常菜,2024-09-05 10:17:52
user_000812,郭鹏,85,wtw3e0x9,理财|书法班|棋牌|家常菜|摄影班|宠物,2024-08-07 19:15:42
user_000813,黄刚,55,wtw36j0c,广场舞|钓鱼|民乐|围棋|维修|带孙辈,2024-06-16 09:25:49
user_000814,鲍琴,64,wtw1zqds,按摩|英语|钓鱼|剪纸|书法班|茶道,2025-05-21 12:40:39
user_000815,崔婷婷,52,wtw32cv0,摄影班|短视频|合唱|广场舞|宠物,2025-01-22 04:59:02
user_000816,叶洁,70,wtwd6h63,京剧|钓鱼|摄影|书法班|茶道|旅游,2024-12-21 23:21:29
user_000817,康丹丹,82,wtw0qrts,八段锦|书法班|剪纸|登山|摄影班|烘焙,2023-09-16 16:32:05
user_000818,石畅,65,wtw36vfg,家常菜|旅游|钓鱼,2024-11-20 20:47:42
user_000819,王璐,47,wtw2cgy7,历史|按摩|插花,2024-03-10 20:10:41
user_000820,徐洋,71,wtw4ne9w,阅读|理财|书法,2025-07-10 10:22:45
user_000821,李红,80,wtw2tn1b,插花|剪纸|理财,2025-05-23 22:46:04
user_000822,李帅,61,wtwd5jje,宠物|登山|智能手机|按摩,2025-06-13 05:53:35
user_000823,陈兵,72,wtw31hsc,家常菜|维修|民乐,2025-01-26 07:32:12
user_000824,范文,80,wtw8dept,理财|宠物|太极|园艺|家常菜,2024-06-18 04:54:05
user_000825,王桂花,75,wtw6n3s1,中医养生|摄影班|短视频,2025-03-17 18:51:28
user_000826,李玉华,48,wtw4rbkk,棋牌|智能手机|书法班|插花|登山|阅读,2024-09-18 16:17:36
user_000827,徐秀华,85,wtw2v7u3,钓鱼|民乐|摄影班|宠物|书法,2023-10-18 03:10:12
user_000828,罗洁,73,wtw6w7yb,维修|绘画|书法班|太极,2025-04-12 21:06:58
user_000829,魏丽娟,46,wtw31pny,按摩|绘画|剪纸|插花,2024-07-14 22:42:27
user_000830,李桂香,82,wtw2yd59,英语|带孙辈|茶道|登山|插花|剪纸,2023-09-23 13:34:35
user_000831,谢秀云,73,wtw30zrs,茶道|维修|旅游,2024-12-30 23:48:10
user_000832,李颖,59,wtw4q5tr,宠物|钓鱼|摄影班|历史|按摩|摄影,2024-07-12 23:03:53
user_000833,李桂芳,47,wtw2cxjt,烘焙|园艺|编织|绘画|书法班,2024-12-28 11:25:38
user_000834,盛桂英,50,wtw60yq4,广场舞|维修|理财|剪纸|书法班,2025-07-02 02:48:47
user_000835,谢强,65,wtw882h0,健走|阅读|京剧|智能手机,2024-02-04 22:09:05
user_000836,许荣,55,wtw91xf9,京剧|民乐|编织|园艺|钓鱼|登山,2024-06-15 23:37:40
user_000837,胡静,45,wtw1q039,家常菜|钓鱼|健走,2024-05-24 13:47:57
user_000838,居春梅,83,wtw6j0q7,按摩|八段锦|园艺|剪纸,2025-07-24 15:12:10
user_000839,王敏,52,wtw1q615,编织|八段锦|短视频|剪纸|维修,2025-08-04 15:21:33
user_000840,吴云,82,wtw9462r,按摩|书法|太极|摄影班|茶道|钓鱼,2024-10-08 07:21:29
user_000841,唐秀华,59,wtwd0fh9,英语|中医养生|京剧|广场舞|围棋|带孙辈,2025-01-14 16:25:12
user_000842,高桂花,45,wtw9b2n1,书法|京剧|历史|棋牌|广场舞,2025-01-19 12:32:52
user_000843,刘颖,83,wtw3c1uc,摄影班|英语|历史|中医养生|家常菜|旅游,2023-10-26 16:37:35
user_000844,夏洋,59,wtw8f1wf,合唱|茶道|广场舞|钓鱼,2025-07-07 22:19:38
user_000845,孙凤英,66,wtw3c5qr,摄影|英语|摄影班|合唱|书法|八段锦,2025-05-22 05:19:18
user_000846,胡璐,50,wtw3bn51,书法班|剪纸|摄影,2024-05-19 14:16:23
user_000847,胡军,59,wtwd1qxq,摄影班|短视频|合唱,2024-04-30 15:35:25
user_000848,刘秀英,79,wtw28r8j,带孙辈|编织|太极|民乐,2023-09-27 15:39:52
user_000849,史洋,69,wtw1pth6,登山|剪纸|编织|短视频,2023-12-30 18:15:16
user_000850,胡娟,67,wtw2v2km,维修|茶道|编织|围棋|阅读,2024-07-03 12:14:54
user_000851,邱敏,72,wtw3kc7x,茶道|按摩|广场舞|维修|短视频,2024-05-15 08:45:24
user_000852,陈婷,77,wtw2f2jt,摄影班|英语|京剧|智能手机,2024-11-14 12:56:47
user_000853,易龙,76,wtw4pqgp,宠物|旅游|书法|京剧|围棋|带孙辈,2024-01-31 04:43:31
user_000854,刘楠,64,wtw89hd7,历史|宠物|民乐,2023-09-22 19:54:52
user_000855,杨成,68,wtw2z65s,书法|维修|历史|京剧|英语,2023-11-01 02:43:38
user_000856,韦洁,75,wtw82zh1,宠物|绘画|历史,2024-12-17 18:12:50
user_000857,罗秀珍,65,wtw4n81c,书法班|理财|宠物|园艺|家常菜|剪纸,2023-12-23 23:14:31
user_000858,陈桂兰,69,wtw0zhd7,中医养生|摄影班|京剧,2024-03-25 00:53:55
user_000859,叶涛,75,wtw6xdj6,太极|家常菜|编织|广场舞|京剧,2025-02-16 23:39:07
user_000860,陈峰,78,wtw9ejft,旅游|家常菜|登山|带孙辈|太极|绘画,2025-05-30 07:18:09
user_000861,邓兰英,49,wtw9158y,按摩|理财|书法班|智能手机|摄影,2025-06-02 07:37:18
user_000862,伍文,50,wtw3s97p,摄影|短视频|钓鱼|历史|带孙辈|家常菜,2024-05-30 00:09:10
user_000863,惠金凤,80,wtw22met,围棋|摄影班|园艺|绘画,2024-01-17 17:45:52
user_000864,张秀兰,75,wtw9gx76,编织|摄影|围棋|健走,2024-01-20 22:34:33
user_000865,王桂芳,57,wtw3bs6t,太极|广场舞|理财|书法班,2023-11-24 17:55:33
user_000866,徐雪梅,83,wtw32n37,理财|茶道|带孙辈|棋牌|宠物,2024-04-22 18:51:49
user_000867,任颖,83,wtw0wxrv,阅读|书法|带孙辈|太极,2023-12-21 00:21:00
user_000868,段俊,69,wtw3ygdw,健走|园艺|钓鱼|编织|插花,2023-11-07 10:02:40
user_000869,屈梅,76,wtw64dg0,茶道|按摩|插花|烘焙,2023-10-21 20:07:29
user_000870,唐亮,55,wtw3cewq,书法班|棋牌|烘焙|园艺|短视频|理财,2024-04-05 09:15:21
user_000871,李洁,60,wtw32jsu,摄影|广场舞|烘焙|阅读|茶道|智能手机,2025-07-27 22:46:55
user_000872,瞿彬,74,wtw9dbtp,插花|摄影|绘画|中医养生|京剧,2023-12-09 16:10:10
user_000873,龙桂花,66,wtw3yc0g,园艺|钓鱼|旅游|茶道|短视频|宠物,2024-04-15 05:29:32
user_000874,谢超,52,wtw22z9h,登山|智能手机|剪纸|中医养生|书法班,2025-05-07 06:11:42
user_000875,田畅,57,wtw825sb,英语|理财|健走,2023-12-21 02:48:54
user_000876,王涛,53,wtw1psvz,插花|英语|合唱,2024-06-30 19:39:32
user_000877,陈玉华,64,wtw0zfhp,书法|剪纸|太极,2024-10-09 07:57:00
user_000878,黄婷婷,53,wtw3x2hf,短视频|登山|智能手机|健走|家常菜,2025-07-09 05:59:06
user_000879,刘秀荣,60,wtw3zy8v,健走|宠物|书法|带孙辈|旅游,2024-11-02 07:28:04
user_000880,孙旭,55,wtw34qst,绘画|英语|健走|按摩|广场舞,2024-09-13 04:16:39
user_000881,秦杰,57,wtw1nqyy,旅游|书法|家常菜,2024-12-23 23:30:54
user_000882,粟丽丽,57,wtw2f8sw,民乐|英语|编织|烘焙,2023-10-16 12:08:23
user_000883,兰雪,65,wtw86tdf,八段锦|书法|智能手机|茶道|京剧|烘焙,2023-09-07 04:50:12
user_000884,熊俊,79,wtw0zxjb,登山|健走|民乐|绘画|园艺,2024-12-22 19:39:33
user_000885,甘涛,56,wtw9dnr4,插花|烘焙|太极|绘画,2023-10-16 09:32:34
user_000886,吴阳,79,wtw328n9,剪纸|插花|合唱|京剧|书法,2024-05-04 17:02:54
user_000887,窦娜,62,wtw3r7sh,太极|民乐|智能手机,2025-04-23 02:33:52
user_000888,张冬梅,57,wtw35xc3,维修|太极|按摩|中医养生|钓鱼|围棋,2024-06-10 19:37:31
user_000889,杨强,84,wtw3n1tp,编织|带孙辈|摄影班|绘画|维修|历史,2025-05-16 23:33:28
user_000890,杨桂荣,71,wtw6kvpc,历史|书法班|英语,2024-08-09 07:42:59
user_000891,张丽华,74,wtw4w6g6,书法|家常菜|维修|茶道|围棋|园艺,2023-09-07 09:36:54
user_000892,冯海燕,61,wtwd1y90,绘画|合唱|家常菜|旅游,2024-06-11 11:15:36
user_000893,李凯,51,wtw98bgx,短视频|园艺|家常菜|中医养生|带孙辈,2025-06-11 16:07:33
user_000894,李玉梅,77,wtw0xv92,英语|历史|编织|八段锦|旅游,2025-01-25 06:44:58
user_000895,寇颖,50,wtw3tu56,广场舞|围棋|智能手机|绘画|编织|插花,2023-11-03 12:12:40
user_000896,宋健,48,wtw1y9ss,合唱|智能手机|摄影班|八段锦,2023-09-28 18:29:56
user_000897,王龙,55,wtw2chwx,合唱|旅游|京剧|剪纸,2025-03-22 23:00:05
user_000898,张琴,58,wtw89spq,棋牌|英语|带孙辈|家常菜|维修|民乐,2024-02-16 19:41:42
user_000899,罗婷,57,wtw3kjgp,宠物|书法班|京剧,2024-06-23 21:22:23
user_000900,刘春梅,80,wtw1n85b,登山|编织|茶道|旅游,2024-04-16 03:19:05
user_000901,孙洁,45,wtw995rf,家常菜|智能手机|茶道|维修|钓鱼,2023-11-17 18:34:46
user_000902,李强,67,wtw66p6r,中医养生|棋牌|智能手机|阅读|摄影|民乐,2025-06-28 06:39:46
user_000903,路雪,69,wtw1yd59,广场舞|园艺|书法班|插花,2023-10-25 14:33:35
user_000904,徐帆,46,wtw1ndb8,宠物|烘焙|绘画|健走,2024-12-11 11:40:10
user_000905,孟晶,72,wtw3fj7h,民乐|书法|广场舞|中医养生|烘焙|历史,2025-05-25 05:17:27
user_000906,梁帆,53,wtw8fk2s,太极|棋牌|带孙辈,2025-07-14 07:52:56
user_000907,邰淑英,71,wtw1qzns,按摩|理财|编织|围棋,2024-09-08 21:36:35
user_000908,罗荣,72,wtw27w0e,按摩|八段锦|理财,2024-12-05 03:05:22
user_000909,张林,54,wtw34327,合唱|民乐|插花|英语|剪纸,2024-06-20 02:04:04
user_000910,陈辉,75,wtw3mru7,八段锦|历史|按摩,2025-08-09 14:51:21
user_000911,王利,57,wtw336h5,太极|书法班|八段锦,2025-04-11 18:48:24
user_000912,陈萍,55,wtw349dt,剪纸|编织|书法班|按摩|摄影班,2025-08-09 06:25:17
user_000913,郭霞,81,wtw1xk6r,短视频|旅游|中医养生|剪纸,2024-03-09 10:43:02
user_000914,宫小红,57,wtw3vp1x,健走|书法|书法班,2024-01-12 13:23:24
user_000915,刘桂芳,53,wtwd9ggs,家常菜|剪纸|历史|旅游,2023-10-09 02:49:19
user_000916,张兵,46,wtw1rmw3,理财|摄影|围棋|家常菜|绘画|书法,2024-12-11 01:57:14
user_000917,黄军,62,wtw64m9r,钓鱼|阅读|绘画|民乐,2025-05-28 15:01:25
user_000918,徐东,54,wtw3cg7b,登山|钓鱼|中医养生|宠物,2025-06-05 12:43:42
user_000919,申桂香,79,wtw96wc0,编织|插花|太极|健走|阅读|棋牌,2025-04-20 15:22:34
user_000920,程秀珍,80,wtw99g16,宠物|绘画|园艺|广场舞|阅读,2023-12-12 10:46:59
user_000921,赖建军,58,wtwd5knq,绘画|带孙辈|旅游|摄影班|中医养生|京剧,2025-05-16 23:06:08
user_000922,赵敏,54,wtw6n4ue,广场舞|英语|合唱,2024-05-27 04:44:16
user_000923,黄慧,82,wtw0ws3p,民乐|智能手机|插花|钓鱼|太极,2024-03-24 02:16:42
user_000924,袁小红,50,wtw3ts11,民乐|家常菜|京剧,2024-05-18 13:05:39
user_000925,程玉珍,70,wtw8bgwy,按摩|钓鱼|八段锦|摄影班,2024-01-31 05:16:02
user_000926,郭秀梅,58,wtwd07e4,家常菜|历史|登山|园艺|绘画,2025-01-19 13:44:38
user_000927,奚淑英,55,wtw1y7qw,英语|钓鱼|旅游|按摩|编织|带孙辈,2025-06-01 10:15:20
user_000928,李欣,51,wtw6hsfr,钓鱼|围棋|智能手机|登山|书法班,2025-06-30 00:29:32
user_000929,彭龙,61,wtw4nguf,短视频|书法班|八段锦|宠物,2025-03-16 01:21:54
user_000930,郑雷,69,wtw0zq90,摄影班|民乐|健走|家常菜,2024-07-10 14:54:41
user_000931,钱琳,75,wtw8fgdt,绘画|围棋|园艺|带孙辈,2024-07-24 15:13:21
user_000932,陈丹丹,49,wtw2rrt7,阅读|书法班|带孙辈,2025-02-14 07:53:11
user_000933,周莉,73,wtw6sd70,家常菜|棋牌|书法,2024-10-16 13:36:54
user_000934,刘璐,68,wtw995mt,书法|英语|棋牌|钓鱼|摄影|按摩,2024-08-07 21:57:58
user_000935,唐桂荣,59,wtw9bg7g,钓鱼|智能手机|绘画|民乐|短视频|健走,2023-10-08 20:14:58
user_000936,赵刚,67,wtw28ksv,茶道|广场舞|健走|绘画|旅游|书法班,2024-06-03 21:07:06
user_000937,黄想,69,wtw904uf,理财|中医养生|烘焙|摄影班|宠物|棋牌,2025-01-30 13:23:18
user_000938,宋丽丽,67,wtwddk5u,登山|宠物|智能手机,2024-02-15 02:05:40
user_000939,林欣,79,wtw6jg9g,民乐|旅游|广场舞,2024-07-08 18:36:08
user_000940,刘霞,50,wtw0zkue,带孙辈|绘画|宠物|剪纸,2024-02-11 12:44:27
user_000941,王桂芝,80,wtw3jfbn,书法班|摄影班|登山|太极|中医养生,2023-11-26 09:31:55
user_000942,谢明,45,wtw8fw0f,合唱|旅游|京剧,2025-05-25 04:44:25
user_000943,林晶,76,wtw8gxg6,维修|英语|太极|登山,2025-06-04 00:17:10
user_000944,邵波,83,wtw3ubs6,八段锦|维修|健走|广场舞,2024-01-25 12:48:25
user_000945,王淑华,72,wtw950jk,健走|民乐|登山,2025-08-01 18:22:46
user_000946,谢秀华,73,wtw3wmfr,编织|插花|京剧,2023-09-10 18:35:07
user_000947,纪秀荣,56,wtwde03h,短视频|合唱|剪纸,2025-07-07 23:18:35
user_000948,刘龙,82,wtw3jekw,棋牌|园艺|登山|中医养生|广场舞|历史,2024-04-17 15:33:31
user_000949,黄秀珍,72,wtw3d47z,剪纸|八段锦|短视频,2025-08-16 08:48:03
user_000950,王慧,84,wtw2ggvz,园艺|钓鱼|绘画|历史|中医养生,2024-11-28 06:10:05
user_000951,胡杰,79,wtw98pks,健走|园艺|摄影|书法班|家常菜,2023-11-25 18:20:04
user_000952,夏建平,82,wtw2yudx,阅读|钓鱼|棋牌|书法|民乐,2024-07-13 13:38:37
user_000953,彭春梅,76,wtw6s017,旅游|围棋|按摩|绘画|茶道,2025-07-06 05:55:16
user_000954,向秀英,48,wtw9fq74,烘焙|理财|家常菜|广场舞|书法,2024-12-23 01:39:16
user_000955,王建军,64,wtw964cr,理财|健走|英语|编织|插花|棋牌,2024-09-22 09:16:19
user_000956,陈秀华,57,wtw3h63g,京剧|家常菜|围棋|棋牌,2023-11-08 12:45:41
user_000957,杨颖,80,wtw66w85,旅游|合唱|八段锦|英语,2025-03-18 13:02:32
user_000958,金红梅,55,wtw37yg1,广场舞|中医养生|八段锦|英语|合唱,2024-11-29 07:46:31
user_000959,王桂兰,47,wtw95k4h,棋牌|旅游|太极|短视频|烘焙|茶道,2024-12-12 06:51:19
user_000960,何帅,56,wtw94twm,合唱|家常菜|智能手机|钓鱼|插花|按摩,2024-03-15 08:19:28
user_000961,曾慧,83,wtw2ccsw,剪纸|摄影|民乐|京剧|摄影班,2025-01-31 18:18:00
user_000962,张琳,85,wtw668hy,维修|园艺|八段锦,2024-05-06 23:52:27
user_000963,钱建军,72,wtw35rcy,围棋|摄影班|健走|茶道|广场舞,2024-01-27 17:26:10
user_000964,黄红霞,76,wtw3zzug,京剧|太极|绘画|历史|书法,2024-07-14 13:39:16
user_000965,张桂兰,83,wtw6hq40,摄影|合唱|棋牌|围棋|中医养生|理财,2025-03-07 20:53:39
user_000966,郑瑞,64,wtw1yb17,编织|八段锦|中医养生|烘焙|围棋,2024-07-04 17:02:29
user_000967,余琳,57,wtw9g3wk,棋牌|园艺|英语|中医养生|钓鱼,2025-07-05 11:20:12
user_000968,罗明,69,wtw0x0rv,书法班|登山|阅读|钓鱼|宠物,2023-10-16 13:08:20
user_000969,韦玉珍,85,wtw1x3u8,棋牌|中医养生|阅读|民乐,2025-02-03 18:14:14
user_000970,廖宇,68,wtw1xse0,广场舞|京剧|民乐|绘画|书法班|旅游,2024-05-05 14:50:05
user_000971,黄浩,69,wtw3hehx,家常菜|园艺|带孙辈,2024-07-20 15:58:18
user_000972,孙金凤,63,wtw6621b,剪纸|智能手机|绘画|书法|阅读|按摩,2023-09-11 06:04:40
user_000973,刘玲,79,wtwd2wu1,烘焙|京剧|茶道,2025-07-24 09:55:26
user_000974,艾桂荣,66,wtwdd1rj,书法|园艺|太极,2024-07-22 03:20:47
user_000975,阮磊,58,wtw6je88,理财|太极|园艺|书法班|烘焙,2023-09-03 11:34:47
user_000976,周玉兰,52,wtw8et9y,按摩|健走|家常菜|八段锦|广场舞,2024-01-25 03:47:55
user_000977,胥婷,55,wtw2xgut,绘画|园艺|钓鱼|带孙辈,2025-05-22 00:48:07
user_000978,蒋建国,53,wtw3dwgy,围棋|钓鱼|广场舞|绘画|编织|历史,2024-10-31 19:52:53
user_000979,黄玉华,59,wtw67kbr,按摩|合唱|摄影|旅游,2025-03-28 07:49:14
user_000980,韩淑珍,47,wtwd2c6f,民乐|棋牌|旅游|家常菜,2025-07-24 08:01:49
user_000981,李丽,73,wtw1wsem,英语|书法|旅游|按摩,2024-03-11 03:37:25
user_000982,马秀华,74,wtw341xz,京剧|棋牌|登山,2024-11-23 12:00:09
user_000983,李凤英,68,wtw63ht8,带孙辈|京剧|旅游|健走,2025-07-21 19:18:22
user_000984,李婷,69,wtw30pc3,家常菜|绘画|理财|烘焙,2025-06-03 06:17:23
user_000985,陈佳,82,wtw3n3py,钓鱼|中医养生|宠物,2024-04-25 10:12:23
user_000986,娄艳,55,wtw2fndh,中医养生|书法|维修|书法班,2024-04-30 04:00:45
user_000987,贾鹏,54,wtw4qqfp,编织|烘焙|登山|带孙辈|按摩|短视频,2025-07-31 09:40:43
user_000988,赵丹,66,wtw3wqxq,钓鱼|英语|阅读|广场舞,2024-02-20 22:38:49
user_000989,李亮,63,wtw3jtf8,阅读|合唱|按摩|棋牌,2024-04-02 21:24:55
user_000990,贾桂芳,48,wtw933pq,摄影|理财|民乐,2025-04-04 22:45:18
user_000991,陈海燕,82,wtw3w0f1,家常菜|太极|摄影|摄影班|阅读,2024-10-06 18:22:31
user_000992,李海燕,69,wtw88wu9,摄影班|阅读|健走|维修|理财,2024-02-04 09:13:08
user_000993,陈萍,54,wtw68ffn,茶道|合唱|家常菜,2024-03-25 19:18:21
user_000994,王小红,64,wtw1xmfb,合唱|摄影|旅游,2024-06-23 01:13:08
user_000995,刘明,77,wtwd12jh,摄影班|维修|摄影|按摩|京剧|园艺,2024-06-02 16:41:59
user_000996,江鹏,65,wtw3d66k,摄影班|编织|茶道,2024-05-28 12:51:38
user_000997,熊秀云,49,wtw2qk4q,理财|园艺|棋牌|绘画,2024-12-16 17:51:51
user_000998,蒋桂兰,85,wtw1ruqu,京剧|宠物|合唱|理财|阅读|八段锦,2024-03-08 11:29:37
user_000999,丁洁,69,wtw3p2pz,健走|维修|八段锦,2024-04-19 04:37:55
